{
    "type": "FeatureCollection",
    "timestamp": "2025-11-04T01:00:51Z",
    "features": [
        {
            "type": "Feature",
            "properties": {
                "time": "2025-11-03T02:00:00.000Z",
                "datasourceId": "DAHAJ0678",
                "pm10ConcMassNowcast": null,
                "pm10ConcMassNowcastUsEpaAqi": null,
                "pm2_5ConcMassNowcast": 4.53,
                "pm2_5ConcMassNowcastUsEpaAqi": 25.0
            },
            "geometry": {
                "type": "Point",
                "coordinates": [
                    "-87.7392",
                    "41.7529"
                ]
            }
        },
        {
            "type": "Feature",
            "properties": {
                "time": "2025-11-03T02:00:00.000Z",
                "datasourceId": "DPWHE0976",
                "pm10ConcMassNowcast": null,
                "pm10ConcMassNowcastUsEpaAqi": null,
                "pm2_5ConcMassNowcast": 6.16,
                "pm2_5ConcMassNowcastUsEpaAqi": 34.0
            },
            "geometry": {
                "type": "Point",
                "coordinates": [
                    "-87.6348",
                    "41.8163"
                ]
            }
        },
        {
            "type": "Feature",
            "properties": {
                "time": "2025-11-03T02:00:00.000Z",
                "datasourceId": "DRJPX9457",
                "pm10ConcMassNowcast": null,
                "pm10ConcMassNowcastUsEpaAqi": null,
                "pm2_5ConcMassNowcast": 5.28,
                "pm2_5ConcMassNowcastUsEpaAqi": 29.0
            },
            "geometry": {
                "type": "Point",
                "coordinates": [
                    "-87.5592",
                    "41.6758"
                ]
            }
        },
        {
            "type": "Feature",
            "properties": {
                "time": "2025-11-03T02:00:00.000Z",
                "datasourceId": "DXIGM4223",
                "pm10ConcMassNowcast": null,
                "pm10ConcMassNowcastUsEpaAqi": null,
                "pm2_5ConcMassNowcast": 4.85,
                "pm2_5ConcMassNowcastUsEpaAqi": 27.0
            },
            "geometry": {
                "type": "Point",
                "coordinates": [
                    "-87.7022",
                    "41.7394"
                ]
            }
        },
        {
            "type": "Feature",
            "properties": {
                "time": "2025-11-03T02:00:00.000Z",
                "datasourceId": "DKTWP2892",
                "pm10ConcMassNowcast": null,
                "pm10ConcMassNowcastUsEpaAqi": null,
                "pm2_5ConcMassNowcast": 6.74,
                "pm2_5ConcMassNowcastUsEpaAqi": 37.0
            },
            "geometry": {
                "type": "Point",
                "coordinates": [
                    "-87.5354",
                    "41.7008"
                ]
            }
        },
        {
            "type": "Feature",
            "properties": {
                "time": "2025-11-03T02:00:00.000Z",
                "datasourceId": "DIIPF3878",
                "pm10ConcMassNowcast": null,
                "pm10ConcMassNowcastUsEpaAqi": null,
                "pm2_5ConcMassNowcast": 4.48,
                "pm2_5ConcMassNowcastUsEpaAqi": 24.0
            },
            "geometry": {
                "type": "Point",
                "coordinates": [
                    "-87.6542",
                    "41.9855"
                ]
            }
        },
        {
            "type": "Feature",
            "properties": {
                "time": "2025-11-03T02:00:00.000Z",
                "datasourceId": "DJHFB1439",
                "pm10ConcMassNowcast": null,
                "pm10ConcMassNowcastUsEpaAqi": null,
                "pm2_5ConcMassNowcast": 6.35,
                "pm2_5ConcMassNowcastUsEpaAqi": 35.0
            },
            "geometry": {
                "type": "Point",
                "coordinates": [
                    "-87.5696",
                    "41.6593"
                ]
            }
        },
        {
            "type": "Feature",
            "properties": {
                "time": "2025-11-03T02:00:00.000Z",
                "datasourceId": "DRJGY6541",
                "pm10ConcMassNowcast": null,
                "pm10ConcMassNowcastUsEpaAqi": null,
                "pm2_5ConcMassNowcast": 4.87,
                "pm2_5ConcMassNowcastUsEpaAqi": 27.0
            },
            "geometry": {
                "type": "Point",
                "coordinates": [
                    "-87.7374",
                    "41.7930"
                ]
            }
        },
        {
            "type": "Feature",
            "properties": {
                "time": "2025-11-03T02:00:00.000Z",
                "datasourceId": "DVPEA0040",
                "pm10ConcMassNowcast": null,
                "pm10ConcMassNowcastUsEpaAqi": null,
                "pm2_5ConcMassNowcast": 4.92,
                "pm2_5ConcMassNowcastUsEpaAqi": 27.0
            },
            "geometry": {
                "type": "Point",
                "coordinates": [
                    "-87.6731",
                    "41.7517"
                ]
            }
        },
        {
            "type": "Feature",
            "properties": {
                "time": "2025-11-03T02:00:00.000Z",
                "datasourceId": "DAREG6245",
                "pm10ConcMassNowcast": null,
                "pm10ConcMassNowcastUsEpaAqi": null,
                "pm2_5ConcMassNowcast": 5.02,
                "pm2_5ConcMassNowcastUsEpaAqi": 28.0
            },
            "geometry": {
                "type": "Point",
                "coordinates": [
                    "-87.6687",
                    "41.9353"
                ]
            }
        },
        {
            "type": "Feature",
            "properties": {
                "time": "2025-11-03T02:00:00.000Z",
                "datasourceId": "DMLRY2750",
                "pm10ConcMassNowcast": null,
                "pm10ConcMassNowcastUsEpaAqi": null,
                "pm2_5ConcMassNowcast": 4.69,
                "pm2_5ConcMassNowcastUsEpaAqi": 26.0
            },
            "geometry": {
                "type": "Point",
                "coordinates": [
                    "-87.7260",
                    "41.9901"
                ]
            }
        },
        {
            "type": "Feature",
            "properties": {
                "time": "2025-11-03T02:00:00.000Z",
                "datasourceId": "DHNQG0980",
                "pm10ConcMassNowcast": null,
                "pm10ConcMassNowcastUsEpaAqi": null,
                "pm2_5ConcMassNowcast": 4.5,
                "pm2_5ConcMassNowcastUsEpaAqi": 25.0
            },
            "geometry": {
                "type": "Point",
                "coordinates": [
                    "-87.7450",
                    "41.9644"
                ]
            }
        },
        {
            "type": "Feature",
            "properties": {
                "time": "2025-11-03T02:00:00.000Z",
                "datasourceId": "DAWUS6556",
                "pm10ConcMassNowcast": null,
                "pm10ConcMassNowcastUsEpaAqi": null,
                "pm2_5ConcMassNowcast": 5.63,
                "pm2_5ConcMassNowcastUsEpaAqi": 31.0
            },
            "geometry": {
                "type": "Point",
                "coordinates": [
                    "-87.6828",
                    "41.7396"
                ]
            }
        },
        {
            "type": "Feature",
            "properties": {
                "time": "2025-11-03T02:00:00.000Z",
                "datasourceId": "DZBKX0961",
                "pm10ConcMassNowcast": null,
                "pm10ConcMassNowcastUsEpaAqi": null,
                "pm2_5ConcMassNowcast": 5.72,
                "pm2_5ConcMassNowcastUsEpaAqi": 32.0
            },
            "geometry": {
                "type": "Point",
                "coordinates": [
                    "-87.6041",
                    "41.8136"
                ]
            }
        },
        {
            "type": "Feature",
            "properties": {
                "time": "2025-11-03T02:00:00.000Z",
                "datasourceId": "DQUUS8611",
                "pm10ConcMassNowcast": null,
                "pm10ConcMassNowcastUsEpaAqi": null,
                "pm2_5ConcMassNowcast": 6.44,
                "pm2_5ConcMassNowcastUsEpaAqi": 36.0
            },
            "geometry": {
                "type": "Point",
                "coordinates": [
                    "-87.6731",
                    "41.8959"
                ]
            }
        },
        {
            "type": "Feature",
            "properties": {
                "time": "2025-11-03T02:00:00.000Z",
                "datasourceId": "DUUZN2841",
                "pm10ConcMassNowcast": null,
                "pm10ConcMassNowcastUsEpaAqi": null,
                "pm2_5ConcMassNowcast": 5.79,
                "pm2_5ConcMassNowcastUsEpaAqi": 32.0
            },
            "geometry": {
                "type": "Point",
                "coordinates": [
                    "-87.6877",
                    "41.9220"
                ]
            }
        },
        {
            "type": "Feature",
            "properties": {
                "time": "2025-11-03T02:00:00.000Z",
                "datasourceId": "DYDVV6312",
                "pm10ConcMassNowcast": null,
                "pm10ConcMassNowcastUsEpaAqi": null,
                "pm2_5ConcMassNowcast": 5.12,
                "pm2_5ConcMassNowcastUsEpaAqi": 28.0
            },
            "geometry": {
                "type": "Point",
                "coordinates": [
                    "-87.7192",
                    "41.9028"
                ]
            }
        },
        {
            "type": "Feature",
            "properties": {
                "time": "2025-11-03T02:00:00.000Z",
                "datasourceId": "DQIUL8061",
                "pm10ConcMassNowcast": null,
                "pm10ConcMassNowcastUsEpaAqi": null,
                "pm2_5ConcMassNowcast": 5.73,
                "pm2_5ConcMassNowcastUsEpaAqi": 32.0
            },
            "geometry": {
                "type": "Point",
                "coordinates": [
                    "-87.5858",
                    "41.7641"
                ]
            }
        },
        {
            "type": "Feature",
            "properties": {
                "time": "2025-11-03T02:00:00.000Z",
                "datasourceId": "DZDQM8806",
                "pm10ConcMassNowcast": null,
                "pm10ConcMassNowcastUsEpaAqi": null,
                "pm2_5ConcMassNowcast": 4.84,
                "pm2_5ConcMassNowcastUsEpaAqi": 27.0
            },
            "geometry": {
                "type": "Point",
                "coordinates": [
                    "-87.6552",
                    "41.9031"
                ]
            }
        },
        {
            "type": "Feature",
            "properties": {
                "time": "2025-11-03T02:00:00.000Z",
                "datasourceId": "DACZY2913",
                "pm10ConcMassNowcast": null,
                "pm10ConcMassNowcastUsEpaAqi": null,
                "pm2_5ConcMassNowcast": 4.77,
                "pm2_5ConcMassNowcastUsEpaAqi": 26.0
            },
            "geometry": {
                "type": "Point",
                "coordinates": [
                    "-87.6722",
                    "42.0025"
                ]
            }
        },
        {
            "type": "Feature",
            "properties": {
                "time": "2025-11-03T02:00:00.000Z",
                "datasourceId": "DFESS1920",
                "pm10ConcMassNowcast": null,
                "pm10ConcMassNowcastUsEpaAqi": null,
                "pm2_5ConcMassNowcast": 5.33,
                "pm2_5ConcMassNowcastUsEpaAqi": 29.0
            },
            "geometry": {
                "type": "Point",
                "coordinates": [
                    "-87.7035",
                    "41.7645"
                ]
            }
        },
        {
            "type": "Feature",
            "properties": {
                "time": "2025-11-03T02:00:00.000Z",
                "datasourceId": "DCABM0358",
                "pm10ConcMassNowcast": null,
                "pm10ConcMassNowcastUsEpaAqi": null,
                "pm2_5ConcMassNowcast": 5.43,
                "pm2_5ConcMassNowcastUsEpaAqi": 30.0
            },
            "geometry": {
                "type": "Point",
                "coordinates": [
                    "-87.7343",
                    "41.8403"
                ]
            }
        },
        {
            "type": "Feature",
            "properties": {
                "time": "2025-11-03T02:00:00.000Z",
                "datasourceId": "DWTBK5575",
                "pm10ConcMassNowcast": null,
                "pm10ConcMassNowcastUsEpaAqi": null,
                "pm2_5ConcMassNowcast": 9.18,
                "pm2_5ConcMassNowcastUsEpaAqi": 51.0
            },
            "geometry": {
                "type": "Point",
                "coordinates": [
                    "-87.7031",
                    "41.8280"
                ]
            }
        },
        {
            "type": "Feature",
            "properties": {
                "time": "2025-11-03T02:00:00.000Z",
                "datasourceId": "DHQVH8975",
                "pm10ConcMassNowcast": null,
                "pm10ConcMassNowcastUsEpaAqi": null,
                "pm2_5ConcMassNowcast": 4.97,
                "pm2_5ConcMassNowcastUsEpaAqi": 27.0
            },
            "geometry": {
                "type": "Point",
                "coordinates": [
                    "-87.6687",
                    "41.8650"
                ]
            }
        },
        {
            "type": "Feature",
            "properties": {
                "time": "2025-11-03T02:00:00.000Z",
                "datasourceId": "DGRSB4646",
                "pm10ConcMassNowcast": null,
                "pm10ConcMassNowcastUsEpaAqi": null,
                "pm2_5ConcMassNowcast": 5.78,
                "pm2_5ConcMassNowcastUsEpaAqi": 32.0
            },
            "geometry": {
                "type": "Point",
                "coordinates": [
                    "-87.7812",
                    "41.9383"
                ]
            }
        },
        {
            "type": "Feature",
            "properties": {
                "time": "2025-11-03T02:00:00.000Z",
                "datasourceId": "DNBEB5545",
                "pm10ConcMassNowcast": null,
                "pm10ConcMassNowcastUsEpaAqi": null,
                "pm2_5ConcMassNowcast": 4.87,
                "pm2_5ConcMassNowcastUsEpaAqi": 27.0
            },
            "geometry": {
                "type": "Point",
                "coordinates": [
                    "-87.7369",
                    "41.9289"
                ]
            }
        },
        {
            "type": "Feature",
            "properties": {
                "time": "2025-11-03T02:00:00.000Z",
                "datasourceId": "DUBCZ6179",
                "pm10ConcMassNowcast": null,
                "pm10ConcMassNowcastUsEpaAqi": null,
                "pm2_5ConcMassNowcast": 5.09,
                "pm2_5ConcMassNowcastUsEpaAqi": 28.0
            },
            "geometry": {
                "type": "Point",
                "coordinates": [
                    "-87.7365",
                    "41.8913"
                ]
            }
        },
        {
            "type": "Feature",
            "properties": {
                "time": "2025-11-03T02:00:00.000Z",
                "datasourceId": "DWMKK1484",
                "pm10ConcMassNowcast": null,
                "pm10ConcMassNowcastUsEpaAqi": null,
                "pm2_5ConcMassNowcast": 6.77,
                "pm2_5ConcMassNowcastUsEpaAqi": 37.0
            },
            "geometry": {
                "type": "Point",
                "coordinates": [
                    "-87.6859",
                    "41.8011"
                ]
            }
        },
        {
            "type": "Feature",
            "properties": {
                "time": "2025-11-03T02:00:00.000Z",
                "datasourceId": "DQTUI1287",
                "pm10ConcMassNowcast": null,
                "pm10ConcMassNowcastUsEpaAqi": null,
                "pm2_5ConcMassNowcast": 4.58,
                "pm2_5ConcMassNowcastUsEpaAqi": 25.0
            },
            "geometry": {
                "type": "Point",
                "coordinates": [
                    "-87.5507",
                    "41.6523"
                ]
            }
        },
        {
            "type": "Feature",
            "properties": {
                "time": "2025-11-03T02:00:00.000Z",
                "datasourceId": "DVWMK9661",
                "pm10ConcMassNowcast": null,
                "pm10ConcMassNowcastUsEpaAqi": null,
                "pm2_5ConcMassNowcast": 4.51,
                "pm2_5ConcMassNowcastUsEpaAqi": 25.0
            },
            "geometry": {
                "type": "Point",
                "coordinates": [
                    "-87.7164",
                    "41.8902"
                ]
            }
        },
        {
            "type": "Feature",
            "properties": {
                "time": "2025-11-03T02:00:00.000Z",
                "datasourceId": "DARLP7776",
                "pm10ConcMassNowcast": null,
                "pm10ConcMassNowcastUsEpaAqi": null,
                "pm2_5ConcMassNowcast": 5.65,
                "pm2_5ConcMassNowcastUsEpaAqi": 31.0
            },
            "geometry": {
                "type": "Point",
                "coordinates": [
                    "-87.6352",
                    "41.8383"
                ]
            }
        },
        {
            "type": "Feature",
            "properties": {
                "time": "2025-11-03T02:00:00.000Z",
                "datasourceId": "DRQFY3540",
                "pm10ConcMassNowcast": null,
                "pm10ConcMassNowcastUsEpaAqi": null,
                "pm2_5ConcMassNowcast": 5.27,
                "pm2_5ConcMassNowcastUsEpaAqi": 29.0
            },
            "geometry": {
                "type": "Point",
                "coordinates": [
                    "-87.6662",
                    "41.8396"
                ]
            }
        },
        {
            "type": "Feature",
            "properties": {
                "time": "2025-11-03T02:00:00.000Z",
                "datasourceId": "DWCTD3003",
                "pm10ConcMassNowcast": null,
                "pm10ConcMassNowcastUsEpaAqi": null,
                "pm2_5ConcMassNowcast": 4.92,
                "pm2_5ConcMassNowcastUsEpaAqi": 27.0
            },
            "geometry": {
                "type": "Point",
                "coordinates": [
                    "-87.5352",
                    "41.6883"
                ]
            }
        },
        {
            "type": "Feature",
            "properties": {
                "time": "2025-11-03T02:00:00.000Z",
                "datasourceId": "DALBP5360",
                "pm10ConcMassNowcast": null,
                "pm10ConcMassNowcastUsEpaAqi": null,
                "pm2_5ConcMassNowcast": 4.44,
                "pm2_5ConcMassNowcastUsEpaAqi": 24.0
            },
            "geometry": {
                "type": "Point",
                "coordinates": [
                    "-87.6747",
                    "41.7066"
                ]
            }
        },
        {
            "type": "Feature",
            "properties": {
                "time": "2025-11-03T02:00:00.000Z",
                "datasourceId": "DRHPF2920",
                "pm10ConcMassNowcast": null,
                "pm10ConcMassNowcastUsEpaAqi": null,
                "pm2_5ConcMassNowcast": 4.53,
                "pm2_5ConcMassNowcastUsEpaAqi": 25.0
            },
            "geometry": {
                "type": "Point",
                "coordinates": [
                    "-87.5593",
                    "41.6881"
                ]
            }
        },
        {
            "type": "Feature",
            "properties": {
                "time": "2025-11-03T02:00:00.000Z",
                "datasourceId": "DJGDZ3688",
                "pm10ConcMassNowcast": null,
                "pm10ConcMassNowcastUsEpaAqi": null,
                "pm2_5ConcMassNowcast": 4.58,
                "pm2_5ConcMassNowcastUsEpaAqi": 25.0
            },
            "geometry": {
                "type": "Point",
                "coordinates": [
                    "-87.6207",
                    "41.7013"
                ]
            }
        },
        {
            "type": "Feature",
            "properties": {
                "time": "2025-11-03T02:00:00.000Z",
                "datasourceId": "DWEIE9311",
                "pm10ConcMassNowcast": null,
                "pm10ConcMassNowcastUsEpaAqi": null,
                "pm2_5ConcMassNowcast": 4.64,
                "pm2_5ConcMassNowcastUsEpaAqi": 26.0
            },
            "geometry": {
                "type": "Point",
                "coordinates": [
                    "-87.6510",
                    "41.8273"
                ]
            }
        },
        {
            "type": "Feature",
            "properties": {
                "time": "2025-11-03T02:00:00.000Z",
                "datasourceId": "DFVRF7063",
                "pm10ConcMassNowcast": null,
                "pm10ConcMassNowcastUsEpaAqi": null,
                "pm2_5ConcMassNowcast": 4.62,
                "pm2_5ConcMassNowcastUsEpaAqi": 26.0
            },
            "geometry": {
                "type": "Point",
                "coordinates": [
                    "-87.7529",
                    "41.9022"
                ]
            }
        },
        {
            "type": "Feature",
            "properties": {
                "time": "2025-11-03T02:00:00.000Z",
                "datasourceId": "DHZTI7858",
                "pm10ConcMassNowcast": null,
                "pm10ConcMassNowcastUsEpaAqi": null,
                "pm2_5ConcMassNowcast": 5.61,
                "pm2_5ConcMassNowcastUsEpaAqi": 31.0
            },
            "geometry": {
                "type": "Point",
                "coordinates": [
                    "-87.6049",
                    "41.7139"
                ]
            }
        },
        {
            "type": "Feature",
            "properties": {
                "time": "2025-11-03T02:00:00.000Z",
                "datasourceId": "DQXJA8041",
                "pm10ConcMassNowcast": null,
                "pm10ConcMassNowcastUsEpaAqi": null,
                "pm2_5ConcMassNowcast": 7.42,
                "pm2_5ConcMassNowcastUsEpaAqi": 41.0
            },
            "geometry": {
                "type": "Point",
                "coordinates": [
                    "-87.7215",
                    "41.8034"
                ]
            }
        },
        {
            "type": "Feature",
            "properties": {
                "time": "2025-11-03T02:00:00.000Z",
                "datasourceId": "DPQMK5751",
                "pm10ConcMassNowcast": null,
                "pm10ConcMassNowcastUsEpaAqi": null,
                "pm2_5ConcMassNowcast": 6.47,
                "pm2_5ConcMassNowcastUsEpaAqi": 36.0
            },
            "geometry": {
                "type": "Point",
                "coordinates": [
                    "-87.7188",
                    "41.9393"
                ]
            }
        },
        {
            "type": "Feature",
            "properties": {
                "time": "2025-11-03T02:00:00.000Z",
                "datasourceId": "DYSHC8669",
                "pm10ConcMassNowcast": null,
                "pm10ConcMassNowcastUsEpaAqi": null,
                "pm2_5ConcMassNowcast": 5.2,
                "pm2_5ConcMassNowcastUsEpaAqi": 29.0
            },
            "geometry": {
                "type": "Point",
                "coordinates": [
                    "-87.6865",
                    "41.7792"
                ]
            }
        },
        {
            "type": "Feature",
            "properties": {
                "time": "2025-11-03T02:00:00.000Z",
                "datasourceId": "DDGFW8206",
                "pm10ConcMassNowcast": null,
                "pm10ConcMassNowcastUsEpaAqi": null,
                "pm2_5ConcMassNowcast": 4.5,
                "pm2_5ConcMassNowcastUsEpaAqi": 25.0
            },
            "geometry": {
                "type": "Point",
                "coordinates": [
                    "-87.6375",
                    "41.7768"
                ]
            }
        },
        {
            "type": "Feature",
            "properties": {
                "time": "2025-11-03T02:00:00.000Z",
                "datasourceId": "DFMDU1576",
                "pm10ConcMassNowcast": null,
                "pm10ConcMassNowcastUsEpaAqi": null,
                "pm2_5ConcMassNowcast": 5.28,
                "pm2_5ConcMassNowcastUsEpaAqi": 29.0
            },
            "geometry": {
                "type": "Point",
                "coordinates": [
                    "-87.6157",
                    "41.7769"
                ]
            }
        },
        {
            "type": "Feature",
            "properties": {
                "time": "2025-11-03T02:00:00.000Z",
                "datasourceId": "DGTGR9009",
                "pm10ConcMassNowcast": null,
                "pm10ConcMassNowcastUsEpaAqi": null,
                "pm2_5ConcMassNowcast": 4.54,
                "pm2_5ConcMassNowcastUsEpaAqi": 25.0
            },
            "geometry": {
                "type": "Point",
                "coordinates": [
                    "-87.5533",
                    "41.7027"
                ]
            }
        },
        {
            "type": "Feature",
            "properties": {
                "time": "2025-11-03T02:00:00.000Z",
                "datasourceId": "DWGYM0810",
                "pm10ConcMassNowcast": null,
                "pm10ConcMassNowcastUsEpaAqi": null,
                "pm2_5ConcMassNowcast": 8.62,
                "pm2_5ConcMassNowcastUsEpaAqi": 48.0
            },
            "geometry": {
                "type": "Point",
                "coordinates": [
                    "-87.5862",
                    "41.7516"
                ]
            }
        },
        {
            "type": "Feature",
            "properties": {
                "time": "2025-11-03T02:00:00.000Z",
                "datasourceId": "DWTBM7891",
                "pm10ConcMassNowcast": null,
                "pm10ConcMassNowcastUsEpaAqi": null,
                "pm2_5ConcMassNowcast": 4.88,
                "pm2_5ConcMassNowcastUsEpaAqi": 27.0
            },
            "geometry": {
                "type": "Point",
                "coordinates": [
                    "-87.6007",
                    "41.7751"
                ]
            }
        },
        {
            "type": "Feature",
            "properties": {
                "time": "2025-11-03T02:00:00.000Z",
                "datasourceId": "DHBBM8531",
                "pm10ConcMassNowcast": null,
                "pm10ConcMassNowcastUsEpaAqi": null,
                "pm2_5ConcMassNowcast": 4.7,
                "pm2_5ConcMassNowcastUsEpaAqi": 26.0
            },
            "geometry": {
                "type": "Point",
                "coordinates": [
                    "-87.7516",
                    "41.7975"
                ]
            }
        },
        {
            "type": "Feature",
            "properties": {
                "time": "2025-11-03T02:00:00.000Z",
                "datasourceId": "DFEAJ0038",
                "pm10ConcMassNowcast": null,
                "pm10ConcMassNowcastUsEpaAqi": null,
                "pm2_5ConcMassNowcast": 5.81,
                "pm2_5ConcMassNowcastUsEpaAqi": 32.0
            },
            "geometry": {
                "type": "Point",
                "coordinates": [
                    "-87.5397",
                    "41.6635"
                ]
            }
        },
        {
            "type": "Feature",
            "properties": {
                "time": "2025-11-03T02:00:00.000Z",
                "datasourceId": "DLFZU4679",
                "pm10ConcMassNowcast": null,
                "pm10ConcMassNowcastUsEpaAqi": null,
                "pm2_5ConcMassNowcast": 4.81,
                "pm2_5ConcMassNowcastUsEpaAqi": 27.0
            },
            "geometry": {
                "type": "Point",
                "coordinates": [
                    "-87.6705",
                    "41.7793"
                ]
            }
        },
        {
            "type": "Feature",
            "properties": {
                "time": "2025-11-03T02:00:00.000Z",
                "datasourceId": "DKNMF4367",
                "pm10ConcMassNowcast": null,
                "pm10ConcMassNowcastUsEpaAqi": null,
                "pm2_5ConcMassNowcast": 4.86,
                "pm2_5ConcMassNowcastUsEpaAqi": 27.0
            },
            "geometry": {
                "type": "Point",
                "coordinates": [
                    "-87.6013",
                    "41.8267"
                ]
            }
        },
        {
            "type": "Feature",
            "properties": {
                "time": "2025-11-03T02:00:00.000Z",
                "datasourceId": "DJIHM1001",
                "pm10ConcMassNowcast": null,
                "pm10ConcMassNowcastUsEpaAqi": null,
                "pm2_5ConcMassNowcast": 5.19,
                "pm2_5ConcMassNowcastUsEpaAqi": 28.0
            },
            "geometry": {
                "type": "Point",
                "coordinates": [
                    "-87.6910",
                    "41.9102"
                ]
            }
        },
        {
            "type": "Feature",
            "properties": {
                "time": "2025-11-03T02:00:00.000Z",
                "datasourceId": "DRRDD3500",
                "pm10ConcMassNowcast": null,
                "pm10ConcMassNowcastUsEpaAqi": null,
                "pm2_5ConcMassNowcast": 5.06,
                "pm2_5ConcMassNowcastUsEpaAqi": 28.0
            },
            "geometry": {
                "type": "Point",
                "coordinates": [
                    "-87.5504",
                    "41.6646"
                ]
            }
        },
        {
            "type": "Feature",
            "properties": {
                "time": "2025-11-03T02:00:00.000Z",
                "datasourceId": "DYLLV9237",
                "pm10ConcMassNowcast": null,
                "pm10ConcMassNowcastUsEpaAqi": null,
                "pm2_5ConcMassNowcast": 5.05,
                "pm2_5ConcMassNowcastUsEpaAqi": 28.0
            },
            "geometry": {
                "type": "Point",
                "coordinates": [
                    "-87.7669",
                    "41.9490"
                ]
            }
        },
        {
            "type": "Feature",
            "properties": {
                "time": "2025-11-03T02:00:00.000Z",
                "datasourceId": "DGRCH4426",
                "pm10ConcMassNowcast": null,
                "pm10ConcMassNowcastUsEpaAqi": null,
                "pm2_5ConcMassNowcast": 4.21,
                "pm2_5ConcMassNowcastUsEpaAqi": 23.0
            },
            "geometry": {
                "type": "Point",
                "coordinates": [
                    "-87.6899",
                    "42.0029"
                ]
            }
        },
        {
            "type": "Feature",
            "properties": {
                "time": "2025-11-03T02:00:00.000Z",
                "datasourceId": "DYGHJ0891",
                "pm10ConcMassNowcast": null,
                "pm10ConcMassNowcastUsEpaAqi": null,
                "pm2_5ConcMassNowcast": 5.54,
                "pm2_5ConcMassNowcastUsEpaAqi": 31.0
            },
            "geometry": {
                "type": "Point",
                "coordinates": [
                    "-87.8007",
                    "41.7764"
                ]
            }
        },
        {
            "type": "Feature",
            "properties": {
                "time": "2025-11-03T02:00:00.000Z",
                "datasourceId": "DQAJZ3770",
                "pm10ConcMassNowcast": null,
                "pm10ConcMassNowcastUsEpaAqi": null,
                "pm2_5ConcMassNowcast": 4.93,
                "pm2_5ConcMassNowcastUsEpaAqi": 27.0
            },
            "geometry": {
                "type": "Point",
                "coordinates": [
                    "-87.6724",
                    "41.9217"
                ]
            }
        },
        {
            "type": "Feature",
            "properties": {
                "time": "2025-11-03T02:00:00.000Z",
                "datasourceId": "DSHWY2305",
                "pm10ConcMassNowcast": null,
                "pm10ConcMassNowcastUsEpaAqi": null,
                "pm2_5ConcMassNowcast": 4.49,
                "pm2_5ConcMassNowcastUsEpaAqi": 24.0
            },
            "geometry": {
                "type": "Point",
                "coordinates": [
                    "-87.7274",
                    "41.9489"
                ]
            }
        },
        {
            "type": "Feature",
            "properties": {
                "time": "2025-11-03T02:00:00.000Z",
                "datasourceId": "DQVTH6412",
                "pm10ConcMassNowcast": null,
                "pm10ConcMassNowcastUsEpaAqi": null,
                "pm2_5ConcMassNowcast": 5.09,
                "pm2_5ConcMassNowcastUsEpaAqi": 28.0
            },
            "geometry": {
                "type": "Point",
                "coordinates": [
                    "-87.6552",
                    "41.9031"
                ]
            }
        },
        {
            "type": "Feature",
            "properties": {
                "time": "2025-11-03T02:00:00.000Z",
                "datasourceId": "DMYYS7663",
                "pm10ConcMassNowcast": null,
                "pm10ConcMassNowcastUsEpaAqi": null,
                "pm2_5ConcMassNowcast": 5.42,
                "pm2_5ConcMassNowcastUsEpaAqi": 30.0
            },
            "geometry": {
                "type": "Point",
                "coordinates": [
                    "-87.6525",
                    "41.7796"
                ]
            }
        },
        {
            "type": "Feature",
            "properties": {
                "time": "2025-11-03T02:00:00.000Z",
                "datasourceId": "DUGYZ8163",
                "pm10ConcMassNowcast": null,
                "pm10ConcMassNowcastUsEpaAqi": null,
                "pm2_5ConcMassNowcast": 4.05,
                "pm2_5ConcMassNowcastUsEpaAqi": 22.0
            },
            "geometry": {
                "type": "Point",
                "coordinates": [
                    "-87.6870",
                    "41.7501"
                ]
            }
        },
        {
            "type": "Feature",
            "properties": {
                "time": "2025-11-03T02:00:00.000Z",
                "datasourceId": "DNUKL3524",
                "pm10ConcMassNowcast": null,
                "pm10ConcMassNowcastUsEpaAqi": null,
                "pm2_5ConcMassNowcast": 5.12,
                "pm2_5ConcMassNowcastUsEpaAqi": 28.0
            },
            "geometry": {
                "type": "Point",
                "coordinates": [
                    "-87.6546",
                    "41.8944"
                ]
            }
        },
        {
            "type": "Feature",
            "properties": {
                "time": "2025-11-03T02:00:00.000Z",
                "datasourceId": "DMTRR1120",
                "pm10ConcMassNowcast": null,
                "pm10ConcMassNowcastUsEpaAqi": null,
                "pm2_5ConcMassNowcast": 5.33,
                "pm2_5ConcMassNowcastUsEpaAqi": 29.0
            },
            "geometry": {
                "type": "Point",
                "coordinates": [
                    "-87.6044",
                    "41.7263"
                ]
            }
        },
        {
            "type": "Feature",
            "properties": {
                "time": "2025-11-03T02:00:00.000Z",
                "datasourceId": "DQVFE3070",
                "pm10ConcMassNowcast": null,
                "pm10ConcMassNowcastUsEpaAqi": null,
                "pm2_5ConcMassNowcast": 5.51,
                "pm2_5ConcMassNowcastUsEpaAqi": 31.0
            },
            "geometry": {
                "type": "Point",
                "coordinates": [
                    "-87.6371",
                    "41.7641"
                ]
            }
        },
        {
            "type": "Feature",
            "properties": {
                "time": "2025-11-03T02:00:00.000Z",
                "datasourceId": "DSHYP2656",
                "pm10ConcMassNowcast": null,
                "pm10ConcMassNowcastUsEpaAqi": null,
                "pm2_5ConcMassNowcast": 5.21,
                "pm2_5ConcMassNowcastUsEpaAqi": 29.0
            },
            "geometry": {
                "type": "Point",
                "coordinates": [
                    "-87.6539",
                    "41.7520"
                ]
            }
        },
        {
            "type": "Feature",
            "properties": {
                "time": "2025-11-03T02:00:00.000Z",
                "datasourceId": "DSYSF5896",
                "pm10ConcMassNowcast": null,
                "pm10ConcMassNowcastUsEpaAqi": null,
                "pm2_5ConcMassNowcast": 5.03,
                "pm2_5ConcMassNowcastUsEpaAqi": 28.0
            },
            "geometry": {
                "type": "Point",
                "coordinates": [
                    "-87.6552",
                    "41.9031"
                ]
            }
        },
        {
            "type": "Feature",
            "properties": {
                "time": "2025-11-03T02:00:00.000Z",
                "datasourceId": "DGKDK3415",
                "pm10ConcMassNowcast": null,
                "pm10ConcMassNowcastUsEpaAqi": null,
                "pm2_5ConcMassNowcast": 4.5,
                "pm2_5ConcMassNowcastUsEpaAqi": 25.0
            },
            "geometry": {
                "type": "Point",
                "coordinates": [
                    "-87.7371",
                    "41.9412"
                ]
            }
        },
        {
            "type": "Feature",
            "properties": {
                "time": "2025-11-03T02:00:00.000Z",
                "datasourceId": "DIZEF3591",
                "pm10ConcMassNowcast": null,
                "pm10ConcMassNowcastUsEpaAqi": null,
                "pm2_5ConcMassNowcast": 4.23,
                "pm2_5ConcMassNowcastUsEpaAqi": 23.0
            },
            "geometry": {
                "type": "Point",
                "coordinates": [
                    "-87.6205",
                    "41.6761"
                ]
            }
        },
        {
            "type": "Feature",
            "properties": {
                "time": "2025-11-03T02:00:00.000Z",
                "datasourceId": "DSMXS8409",
                "pm10ConcMassNowcast": null,
                "pm10ConcMassNowcastUsEpaAqi": null,
                "pm2_5ConcMassNowcast": 4.66,
                "pm2_5ConcMassNowcastUsEpaAqi": 26.0
            },
            "geometry": {
                "type": "Point",
                "coordinates": [
                    "-87.5755",
                    "41.7264"
                ]
            }
        },
        {
            "type": "Feature",
            "properties": {
                "time": "2025-11-03T02:00:00.000Z",
                "datasourceId": "DJWGZ0445",
                "pm10ConcMassNowcast": null,
                "pm10ConcMassNowcastUsEpaAqi": null,
                "pm2_5ConcMassNowcast": 5.49,
                "pm2_5ConcMassNowcastUsEpaAqi": 30.0
            },
            "geometry": {
                "type": "Point",
                "coordinates": [
                    "-87.6171",
                    "41.8147"
                ]
            }
        },
        {
            "type": "Feature",
            "properties": {
                "time": "2025-11-03T02:00:00.000Z",
                "datasourceId": "DFDFU1164",
                "pm10ConcMassNowcast": null,
                "pm10ConcMassNowcastUsEpaAqi": null,
                "pm2_5ConcMassNowcast": 5.16,
                "pm2_5ConcMassNowcastUsEpaAqi": 28.0
            },
            "geometry": {
                "type": "Point",
                "coordinates": [
                    "-87.6855",
                    "41.8528"
                ]
            }
        },
        {
            "type": "Feature",
            "properties": {
                "time": "2025-11-03T02:00:00.000Z",
                "datasourceId": "DYWEY8508",
                "pm10ConcMassNowcast": null,
                "pm10ConcMassNowcastUsEpaAqi": null,
                "pm2_5ConcMassNowcast": 4.96,
                "pm2_5ConcMassNowcastUsEpaAqi": 27.0
            },
            "geometry": {
                "type": "Point",
                "coordinates": [
                    "-87.6543",
                    "41.9485"
                ]
            }
        },
        {
            "type": "Feature",
            "properties": {
                "time": "2025-11-03T02:00:00.000Z",
                "datasourceId": "DFIBC1899",
                "pm10ConcMassNowcast": null,
                "pm10ConcMassNowcastUsEpaAqi": null,
                "pm2_5ConcMassNowcast": 7.34,
                "pm2_5ConcMassNowcastUsEpaAqi": 41.0
            },
            "geometry": {
                "type": "Point",
                "coordinates": [
                    "-87.5762",
                    "41.6837"
                ]
            }
        },
        {
            "type": "Feature",
            "properties": {
                "time": "2025-11-03T02:00:00.000Z",
                "datasourceId": "DZIEF7974",
                "pm10ConcMassNowcast": null,
                "pm10ConcMassNowcastUsEpaAqi": null,
                "pm2_5ConcMassNowcast": 4.16,
                "pm2_5ConcMassNowcastUsEpaAqi": 23.0
            },
            "geometry": {
                "type": "Point",
                "coordinates": [
                    "-87.6730",
                    "41.7396"
                ]
            }
        },
        {
            "type": "Feature",
            "properties": {
                "time": "2025-11-03T02:00:00.000Z",
                "datasourceId": "DAYYE9472",
                "pm10ConcMassNowcast": null,
                "pm10ConcMassNowcastUsEpaAqi": null,
                "pm2_5ConcMassNowcast": 4.82,
                "pm2_5ConcMassNowcastUsEpaAqi": 27.0
            },
            "geometry": {
                "type": "Point",
                "coordinates": [
                    "-87.5857",
                    "41.7877"
                ]
            }
        },
        {
            "type": "Feature",
            "properties": {
                "time": "2025-11-03T02:00:00.000Z",
                "datasourceId": "DQJDZ1252",
                "pm10ConcMassNowcast": null,
                "pm10ConcMassNowcastUsEpaAqi": null,
                "pm2_5ConcMassNowcast": 4.69,
                "pm2_5ConcMassNowcastUsEpaAqi": 26.0
            },
            "geometry": {
                "type": "Point",
                "coordinates": [
                    "-87.6549",
                    "41.6775"
                ]
            }
        },
        {
            "type": "Feature",
            "properties": {
                "time": "2025-11-03T02:00:00.000Z",
                "datasourceId": "DVCMB9343",
                "pm10ConcMassNowcast": null,
                "pm10ConcMassNowcastUsEpaAqi": null,
                "pm2_5ConcMassNowcast": 4.92,
                "pm2_5ConcMassNowcastUsEpaAqi": 27.0
            },
            "geometry": {
                "type": "Point",
                "coordinates": [
                    "-87.7663",
                    "41.9357"
                ]
            }
        },
        {
            "type": "Feature",
            "properties": {
                "time": "2025-11-03T02:00:00.000Z",
                "datasourceId": "DQZIL1804",
                "pm10ConcMassNowcast": null,
                "pm10ConcMassNowcastUsEpaAqi": null,
                "pm2_5ConcMassNowcast": 5.57,
                "pm2_5ConcMassNowcastUsEpaAqi": 31.0
            },
            "geometry": {
                "type": "Point",
                "coordinates": [
                    "-87.6847",
                    "41.8151"
                ]
            }
        },
        {
            "type": "Feature",
            "properties": {
                "time": "2025-11-03T02:00:00.000Z",
                "datasourceId": "DCFVE7122",
                "pm10ConcMassNowcast": null,
                "pm10ConcMassNowcastUsEpaAqi": null,
                "pm2_5ConcMassNowcast": 7.04,
                "pm2_5ConcMassNowcastUsEpaAqi": 39.0
            },
            "geometry": {
                "type": "Point",
                "coordinates": [
                    "-87.6368",
                    "41.8018"
                ]
            }
        },
        {
            "type": "Feature",
            "properties": {
                "time": "2025-11-03T02:00:00.000Z",
                "datasourceId": "DPMWW4120",
                "pm10ConcMassNowcast": null,
                "pm10ConcMassNowcastUsEpaAqi": null,
                "pm2_5ConcMassNowcast": 4.98,
                "pm2_5ConcMassNowcastUsEpaAqi": 27.0
            },
            "geometry": {
                "type": "Point",
                "coordinates": [
                    "-87.7826",
                    "41.7922"
                ]
            }
        },
        {
            "type": "Feature",
            "properties": {
                "time": "2025-11-03T02:00:00.000Z",
                "datasourceId": "DLVFF5341",
                "pm10ConcMassNowcast": null,
                "pm10ConcMassNowcastUsEpaAqi": null,
                "pm2_5ConcMassNowcast": 7.91,
                "pm2_5ConcMassNowcastUsEpaAqi": 44.0
            },
            "geometry": {
                "type": "Point",
                "coordinates": [
                    "-87.6184",
                    "41.8021"
                ]
            }
        },
        {
            "type": "Feature",
            "properties": {
                "time": "2025-11-03T02:00:00.000Z",
                "datasourceId": "DUIZW8642",
                "pm10ConcMassNowcast": null,
                "pm10ConcMassNowcastUsEpaAqi": null,
                "pm2_5ConcMassNowcast": 4.17,
                "pm2_5ConcMassNowcastUsEpaAqi": 23.0
            },
            "geometry": {
                "type": "Point",
                "coordinates": [
                    "-87.8162",
                    "41.9744"
                ]
            }
        },
        {
            "type": "Feature",
            "properties": {
                "time": "2025-11-03T02:00:00.000Z",
                "datasourceId": "DXRZC4102",
                "pm10ConcMassNowcast": null,
                "pm10ConcMassNowcastUsEpaAqi": null,
                "pm2_5ConcMassNowcast": 6.04,
                "pm2_5ConcMassNowcastUsEpaAqi": 33.0
            },
            "geometry": {
                "type": "Point",
                "coordinates": [
                    "-87.6643",
                    "41.8158"
                ]
            }
        },
        {
            "type": "Feature",
            "properties": {
                "time": "2025-11-03T02:00:00.000Z",
                "datasourceId": "DXUQX7513",
                "pm10ConcMassNowcast": null,
                "pm10ConcMassNowcastUsEpaAqi": null,
                "pm2_5ConcMassNowcast": 4.41,
                "pm2_5ConcMassNowcastUsEpaAqi": 24.0
            },
            "geometry": {
                "type": "Point",
                "coordinates": [
                    "-87.7409",
                    "41.7394"
                ]
            }
        },
        {
            "type": "Feature",
            "properties": {
                "time": "2025-11-03T02:00:00.000Z",
                "datasourceId": "DCYXM8877",
                "pm10ConcMassNowcast": null,
                "pm10ConcMassNowcastUsEpaAqi": null,
                "pm2_5ConcMassNowcast": 4.6,
                "pm2_5ConcMassNowcastUsEpaAqi": 26.0
            },
            "geometry": {
                "type": "Point",
                "coordinates": [
                    "-87.8365",
                    "41.9495"
                ]
            }
        },
        {
            "type": "Feature",
            "properties": {
                "time": "2025-11-03T02:00:00.000Z",
                "datasourceId": "DNBKU3560",
                "pm10ConcMassNowcast": null,
                "pm10ConcMassNowcastUsEpaAqi": null,
                "pm2_5ConcMassNowcast": 5.49,
                "pm2_5ConcMassNowcastUsEpaAqi": 30.0
            },
            "geometry": {
                "type": "Point",
                "coordinates": [
                    "-87.6704",
                    "41.7868"
                ]
            }
        },
        {
            "type": "Feature",
            "properties": {
                "time": "2025-11-03T02:00:00.000Z",
                "datasourceId": "DBDSX9338",
                "pm10ConcMassNowcast": null,
                "pm10ConcMassNowcastUsEpaAqi": null,
                "pm2_5ConcMassNowcast": 5.49,
                "pm2_5ConcMassNowcastUsEpaAqi": 30.0
            },
            "geometry": {
                "type": "Point",
                "coordinates": [
                    "-87.5690",
                    "41.7627"
                ]
            }
        },
        {
            "type": "Feature",
            "properties": {
                "time": "2025-11-03T02:00:00.000Z",
                "datasourceId": "DQABT4506",
                "pm10ConcMassNowcast": null,
                "pm10ConcMassNowcastUsEpaAqi": null,
                "pm2_5ConcMassNowcast": 5.23,
                "pm2_5ConcMassNowcastUsEpaAqi": 29.0
            },
            "geometry": {
                "type": "Point",
                "coordinates": [
                    "-87.6041",
                    "41.6593"
                ]
            }
        },
        {
            "type": "Feature",
            "properties": {
                "time": "2025-11-03T02:00:00.000Z",
                "datasourceId": "DGHRH9009",
                "pm10ConcMassNowcast": null,
                "pm10ConcMassNowcastUsEpaAqi": null,
                "pm2_5ConcMassNowcast": 4.67,
                "pm2_5ConcMassNowcastUsEpaAqi": 26.0
            },
            "geometry": {
                "type": "Point",
                "coordinates": [
                    "-87.7039",
                    "41.8026"
                ]
            }
        },
        {
            "type": "Feature",
            "properties": {
                "time": "2025-11-03T02:00:00.000Z",
                "datasourceId": "DEWGT8066",
                "pm10ConcMassNowcast": null,
                "pm10ConcMassNowcastUsEpaAqi": null,
                "pm2_5ConcMassNowcast": 4.72,
                "pm2_5ConcMassNowcastUsEpaAqi": 26.0
            },
            "geometry": {
                "type": "Point",
                "coordinates": [
                    "-87.7471",
                    "41.9490"
                ]
            }
        },
        {
            "type": "Feature",
            "properties": {
                "time": "2025-11-03T02:00:00.000Z",
                "datasourceId": "DRDMU5348",
                "pm10ConcMassNowcast": null,
                "pm10ConcMassNowcastUsEpaAqi": null,
                "pm2_5ConcMassNowcast": 8.64,
                "pm2_5ConcMassNowcastUsEpaAqi": 48.0
            },
            "geometry": {
                "type": "Point",
                "coordinates": [
                    "-87.6369",
                    "41.7140"
                ]
            }
        },
        {
            "type": "Feature",
            "properties": {
                "time": "2025-11-03T02:00:00.000Z",
                "datasourceId": "DQVGW1846",
                "pm10ConcMassNowcast": null,
                "pm10ConcMassNowcastUsEpaAqi": null,
                "pm2_5ConcMassNowcast": 6.57,
                "pm2_5ConcMassNowcastUsEpaAqi": 36.0
            },
            "geometry": {
                "type": "Point",
                "coordinates": [
                    "-87.7191",
                    "41.8371"
                ]
            }
        },
        {
            "type": "Feature",
            "properties": {
                "time": "2025-11-03T02:00:00.000Z",
                "datasourceId": "DTUGZ9693",
                "pm10ConcMassNowcast": null,
                "pm10ConcMassNowcastUsEpaAqi": null,
                "pm2_5ConcMassNowcast": 4.61,
                "pm2_5ConcMassNowcastUsEpaAqi": 26.0
            },
            "geometry": {
                "type": "Point",
                "coordinates": [
                    "-87.6377",
                    "41.9358"
                ]
            }
        },
        {
            "type": "Feature",
            "properties": {
                "time": "2025-11-03T02:00:00.000Z",
                "datasourceId": "DKADN9061",
                "pm10ConcMassNowcast": null,
                "pm10ConcMassNowcastUsEpaAqi": null,
                "pm2_5ConcMassNowcast": 5.28,
                "pm2_5ConcMassNowcastUsEpaAqi": 29.0
            },
            "geometry": {
                "type": "Point",
                "coordinates": [
                    "-87.6552",
                    "41.9031"
                ]
            }
        },
        {
            "type": "Feature",
            "properties": {
                "time": "2025-11-03T02:00:00.000Z",
                "datasourceId": "DAJHM7956",
                "pm10ConcMassNowcast": null,
                "pm10ConcMassNowcastUsEpaAqi": null,
                "pm2_5ConcMassNowcast": 4.68,
                "pm2_5ConcMassNowcastUsEpaAqi": 26.0
            },
            "geometry": {
                "type": "Point",
                "coordinates": [
                    "-87.5359",
                    "41.7378"
                ]
            }
        },
        {
            "type": "Feature",
            "properties": {
                "time": "2025-11-03T02:00:00.000Z",
                "datasourceId": "DPPCP3370",
                "pm10ConcMassNowcast": null,
                "pm10ConcMassNowcastUsEpaAqi": null,
                "pm2_5ConcMassNowcast": 4.89,
                "pm2_5ConcMassNowcastUsEpaAqi": 27.0
            },
            "geometry": {
                "type": "Point",
                "coordinates": [
                    "-87.6199",
                    "41.6638"
                ]
            }
        },
        {
            "type": "Feature",
            "properties": {
                "time": "2025-11-03T02:00:00.000Z",
                "datasourceId": "DBDBP2246",
                "pm10ConcMassNowcast": null,
                "pm10ConcMassNowcastUsEpaAqi": null,
                "pm2_5ConcMassNowcast": 5.03,
                "pm2_5ConcMassNowcastUsEpaAqi": 28.0
            },
            "geometry": {
                "type": "Point",
                "coordinates": [
                    "-87.6026",
                    "41.7514"
                ]
            }
        },
        {
            "type": "Feature",
            "properties": {
                "time": "2025-11-03T02:00:00.000Z",
                "datasourceId": "DXHYE9278",
                "pm10ConcMassNowcast": null,
                "pm10ConcMassNowcastUsEpaAqi": null,
                "pm2_5ConcMassNowcast": 4.49,
                "pm2_5ConcMassNowcastUsEpaAqi": 24.0
            },
            "geometry": {
                "type": "Point",
                "coordinates": [
                    "-87.5594",
                    "41.6508"
                ]
            }
        },
        {
            "type": "Feature",
            "properties": {
                "time": "2025-11-03T02:00:00.000Z",
                "datasourceId": "DAETQ5676",
                "pm10ConcMassNowcast": null,
                "pm10ConcMassNowcastUsEpaAqi": null,
                "pm2_5ConcMassNowcast": 5.02,
                "pm2_5ConcMassNowcastUsEpaAqi": 28.0
            },
            "geometry": {
                "type": "Point",
                "coordinates": [
                    "-87.7992",
                    "41.9235"
                ]
            }
        },
        {
            "type": "Feature",
            "properties": {
                "time": "2025-11-03T02:00:00.000Z",
                "datasourceId": "DFDVG9143",
                "pm10ConcMassNowcast": null,
                "pm10ConcMassNowcastUsEpaAqi": null,
                "pm2_5ConcMassNowcast": 4.82,
                "pm2_5ConcMassNowcastUsEpaAqi": 27.0
            },
            "geometry": {
                "type": "Point",
                "coordinates": [
                    "-87.6076",
                    "41.7020"
                ]
            }
        },
        {
            "type": "Feature",
            "properties": {
                "time": "2025-11-03T02:00:00.000Z",
                "datasourceId": "DIQKT3554",
                "pm10ConcMassNowcast": null,
                "pm10ConcMassNowcastUsEpaAqi": null,
                "pm2_5ConcMassNowcast": 5.52,
                "pm2_5ConcMassNowcastUsEpaAqi": 31.0
            },
            "geometry": {
                "type": "Point",
                "coordinates": [
                    "-87.6529",
                    "41.9218"
                ]
            }
        },
        {
            "type": "Feature",
            "properties": {
                "time": "2025-11-03T02:00:00.000Z",
                "datasourceId": "DKRXT7147",
                "pm10ConcMassNowcast": null,
                "pm10ConcMassNowcastUsEpaAqi": null,
                "pm2_5ConcMassNowcast": 4.62,
                "pm2_5ConcMassNowcastUsEpaAqi": 26.0
            },
            "geometry": {
                "type": "Point",
                "coordinates": [
                    "-87.6209",
                    "41.6886"
                ]
            }
        },
        {
            "type": "Feature",
            "properties": {
                "time": "2025-11-03T02:00:00.000Z",
                "datasourceId": "DEYGE9157",
                "pm10ConcMassNowcast": null,
                "pm10ConcMassNowcastUsEpaAqi": null,
                "pm2_5ConcMassNowcast": 4.79,
                "pm2_5ConcMassNowcastUsEpaAqi": 26.0
            },
            "geometry": {
                "type": "Point",
                "coordinates": [
                    "-87.5707",
                    "41.7079"
                ]
            }
        },
        {
            "type": "Feature",
            "properties": {
                "time": "2025-11-03T02:00:00.000Z",
                "datasourceId": "DEIDA3268",
                "pm10ConcMassNowcast": null,
                "pm10ConcMassNowcastUsEpaAqi": null,
                "pm2_5ConcMassNowcast": 5.04,
                "pm2_5ConcMassNowcastUsEpaAqi": 28.0
            },
            "geometry": {
                "type": "Point",
                "coordinates": [
                    "-87.6555",
                    "41.9080"
                ]
            }
        },
        {
            "type": "Feature",
            "properties": {
                "time": "2025-11-03T02:00:00.000Z",
                "datasourceId": "DLZBV6061",
                "pm10ConcMassNowcast": null,
                "pm10ConcMassNowcastUsEpaAqi": null,
                "pm2_5ConcMassNowcast": 4.35,
                "pm2_5ConcMassNowcastUsEpaAqi": 24.0
            },
            "geometry": {
                "type": "Point",
                "coordinates": [
                    "-87.6535",
                    "41.7395"
                ]
            }
        },
        {
            "type": "Feature",
            "properties": {
                "time": "2025-11-03T02:00:00.000Z",
                "datasourceId": "DMMAG3845",
                "pm10ConcMassNowcast": null,
                "pm10ConcMassNowcastUsEpaAqi": null,
                "pm2_5ConcMassNowcast": 4.21,
                "pm2_5ConcMassNowcastUsEpaAqi": 23.0
            },
            "geometry": {
                "type": "Point",
                "coordinates": [
                    "-87.6075",
                    "41.6507"
                ]
            }
        },
        {
            "type": "Feature",
            "properties": {
                "time": "2025-11-03T02:00:00.000Z",
                "datasourceId": "DUSKD5383",
                "pm10ConcMassNowcast": null,
                "pm10ConcMassNowcastUsEpaAqi": null,
                "pm2_5ConcMassNowcast": 3.97,
                "pm2_5ConcMassNowcastUsEpaAqi": 22.0
            },
            "geometry": {
                "type": "Point",
                "coordinates": [
                    "-87.8163",
                    "41.9494"
                ]
            }
        },
        {
            "type": "Feature",
            "properties": {
                "time": "2025-11-03T02:00:00.000Z",
                "datasourceId": "DBLXJ4454",
                "pm10ConcMassNowcast": null,
                "pm10ConcMassNowcastUsEpaAqi": null,
                "pm2_5ConcMassNowcast": 7.68,
                "pm2_5ConcMassNowcastUsEpaAqi": 42.0
            },
            "geometry": {
                "type": "Point",
                "coordinates": [
                    "-87.6693",
                    "41.8012"
                ]
            }
        },
        {
            "type": "Feature",
            "properties": {
                "time": "2025-11-03T02:00:00.000Z",
                "datasourceId": "DERZJ4600",
                "pm10ConcMassNowcast": null,
                "pm10ConcMassNowcastUsEpaAqi": null,
                "pm2_5ConcMassNowcast": 4.74,
                "pm2_5ConcMassNowcastUsEpaAqi": 26.0
            },
            "geometry": {
                "type": "Point",
                "coordinates": [
                    "-87.6704",
                    "42.0159"
                ]
            }
        },
        {
            "type": "Feature",
            "properties": {
                "time": "2025-11-03T02:00:00.000Z",
                "datasourceId": "DFNHF0256",
                "pm10ConcMassNowcast": null,
                "pm10ConcMassNowcastUsEpaAqi": null,
                "pm2_5ConcMassNowcast": 6.31,
                "pm2_5ConcMassNowcastUsEpaAqi": 35.0
            },
            "geometry": {
                "type": "Point",
                "coordinates": [
                    "-87.7494",
                    "41.9647"
                ]
            }
        },
        {
            "type": "Feature",
            "properties": {
                "time": "2025-11-03T02:00:00.000Z",
                "datasourceId": "DQRVM2041",
                "pm10ConcMassNowcast": null,
                "pm10ConcMassNowcastUsEpaAqi": null,
                "pm2_5ConcMassNowcast": 4.64,
                "pm2_5ConcMassNowcastUsEpaAqi": 26.0
            },
            "geometry": {
                "type": "Point",
                "coordinates": [
                    "-87.6694",
                    "41.7648"
                ]
            }
        },
        {
            "type": "Feature",
            "properties": {
                "time": "2025-11-03T02:00:00.000Z",
                "datasourceId": "DKHYU9123",
                "pm10ConcMassNowcast": null,
                "pm10ConcMassNowcastUsEpaAqi": null,
                "pm2_5ConcMassNowcast": 4.63,
                "pm2_5ConcMassNowcastUsEpaAqi": 26.0
            },
            "geometry": {
                "type": "Point",
                "coordinates": [
                    "-87.7537",
                    "41.7781"
                ]
            }
        },
        {
            "type": "Feature",
            "properties": {
                "time": "2025-11-03T02:00:00.000Z",
                "datasourceId": "DIUDG6358",
                "pm10ConcMassNowcast": null,
                "pm10ConcMassNowcastUsEpaAqi": null,
                "pm2_5ConcMassNowcast": 8.36,
                "pm2_5ConcMassNowcastUsEpaAqi": 46.0
            },
            "geometry": {
                "type": "Point",
                "coordinates": [
                    "-87.7369",
                    "41.8536"
                ]
            }
        },
        {
            "type": "Feature",
            "properties": {
                "time": "2025-11-03T02:00:00.000Z",
                "datasourceId": "DVRBW4874",
                "pm10ConcMassNowcast": null,
                "pm10ConcMassNowcastUsEpaAqi": null,
                "pm2_5ConcMassNowcast": 4.35,
                "pm2_5ConcMassNowcastUsEpaAqi": 24.0
            },
            "geometry": {
                "type": "Point",
                "coordinates": [
                    "-87.7188",
                    "41.9282"
                ]
            }
        },
        {
            "type": "Feature",
            "properties": {
                "time": "2025-11-03T02:00:00.000Z",
                "datasourceId": "DEPLW3142",
                "pm10ConcMassNowcast": null,
                "pm10ConcMassNowcastUsEpaAqi": null,
                "pm2_5ConcMassNowcast": 5.25,
                "pm2_5ConcMassNowcastUsEpaAqi": 29.0
            },
            "geometry": {
                "type": "Point",
                "coordinates": [
                    "-87.6028",
                    "41.7640"
                ]
            }
        },
        {
            "type": "Feature",
            "properties": {
                "time": "2025-11-03T02:00:00.000Z",
                "datasourceId": "DDGHI0125",
                "pm10ConcMassNowcast": null,
                "pm10ConcMassNowcastUsEpaAqi": null,
                "pm2_5ConcMassNowcast": 5.01,
                "pm2_5ConcMassNowcastUsEpaAqi": 28.0
            },
            "geometry": {
                "type": "Point",
                "coordinates": [
                    "-87.7529",
                    "41.9314"
                ]
            }
        },
        {
            "type": "Feature",
            "properties": {
                "time": "2025-11-03T02:00:00.000Z",
                "datasourceId": "DHCXV0760",
                "pm10ConcMassNowcast": null,
                "pm10ConcMassNowcastUsEpaAqi": null,
                "pm2_5ConcMassNowcast": 4.75,
                "pm2_5ConcMassNowcastUsEpaAqi": 26.0
            },
            "geometry": {
                "type": "Point",
                "coordinates": [
                    "-87.7360",
                    "41.8770"
                ]
            }
        },
        {
            "type": "Feature",
            "properties": {
                "time": "2025-11-03T02:00:00.000Z",
                "datasourceId": "DMLFU0523",
                "pm10ConcMassNowcast": null,
                "pm10ConcMassNowcastUsEpaAqi": null,
                "pm2_5ConcMassNowcast": 4.8,
                "pm2_5ConcMassNowcastUsEpaAqi": 27.0
            },
            "geometry": {
                "type": "Point",
                "coordinates": [
                    "-87.5841",
                    "41.7131"
                ]
            }
        },
        {
            "type": "Feature",
            "properties": {
                "time": "2025-11-03T02:00:00.000Z",
                "datasourceId": "DSZQR8376",
                "pm10ConcMassNowcast": null,
                "pm10ConcMassNowcastUsEpaAqi": null,
                "pm2_5ConcMassNowcast": 4.89,
                "pm2_5ConcMassNowcastUsEpaAqi": 27.0
            },
            "geometry": {
                "type": "Point",
                "coordinates": [
                    "-87.5399",
                    "41.6759"
                ]
            }
        },
        {
            "type": "Feature",
            "properties": {
                "time": "2025-11-03T02:00:00.000Z",
                "datasourceId": "DVCHA9392",
                "pm10ConcMassNowcast": null,
                "pm10ConcMassNowcastUsEpaAqi": null,
                "pm2_5ConcMassNowcast": 4.7,
                "pm2_5ConcMassNowcastUsEpaAqi": 26.0
            },
            "geometry": {
                "type": "Point",
                "coordinates": [
                    "-87.6841",
                    "41.7903"
                ]
            }
        },
        {
            "type": "Feature",
            "properties": {
                "time": "2025-11-03T02:00:00.000Z",
                "datasourceId": "DLUKV4510",
                "pm10ConcMassNowcast": null,
                "pm10ConcMassNowcastUsEpaAqi": null,
                "pm2_5ConcMassNowcast": 4.71,
                "pm2_5ConcMassNowcastUsEpaAqi": 26.0
            },
            "geometry": {
                "type": "Point",
                "coordinates": [
                    "-87.5528",
                    "41.7255"
                ]
            }
        },
        {
            "type": "Feature",
            "properties": {
                "time": "2025-11-03T02:00:00.000Z",
                "datasourceId": "DGGGM0466",
                "pm10ConcMassNowcast": null,
                "pm10ConcMassNowcastUsEpaAqi": null,
                "pm2_5ConcMassNowcast": 5.37,
                "pm2_5ConcMassNowcastUsEpaAqi": 29.0
            },
            "geometry": {
                "type": "Point",
                "coordinates": [
                    "-87.6529",
                    "41.8380"
                ]
            }
        },
        {
            "type": "Feature",
            "properties": {
                "time": "2025-11-03T02:00:00.000Z",
                "datasourceId": "DJJWX4142",
                "pm10ConcMassNowcast": null,
                "pm10ConcMassNowcastUsEpaAqi": null,
                "pm2_5ConcMassNowcast": 4.62,
                "pm2_5ConcMassNowcastUsEpaAqi": 26.0
            },
            "geometry": {
                "type": "Point",
                "coordinates": [
                    "-87.7241",
                    "41.8268"
                ]
            }
        },
        {
            "type": "Feature",
            "properties": {
                "time": "2025-11-03T02:00:00.000Z",
                "datasourceId": "DGZUS1041",
                "pm10ConcMassNowcast": null,
                "pm10ConcMassNowcastUsEpaAqi": null,
                "pm2_5ConcMassNowcast": 4.6,
                "pm2_5ConcMassNowcastUsEpaAqi": 26.0
            },
            "geometry": {
                "type": "Point",
                "coordinates": [
                    "-87.5383",
                    "41.7249"
                ]
            }
        },
        {
            "type": "Feature",
            "properties": {
                "time": "2025-11-03T02:00:00.000Z",
                "datasourceId": "DBZCJ6205",
                "pm10ConcMassNowcast": null,
                "pm10ConcMassNowcastUsEpaAqi": null,
                "pm2_5ConcMassNowcast": 6.15,
                "pm2_5ConcMassNowcastUsEpaAqi": 34.0
            },
            "geometry": {
                "type": "Point",
                "coordinates": [
                    "-87.6390",
                    "41.7404"
                ]
            }
        },
        {
            "type": "Feature",
            "properties": {
                "time": "2025-11-03T02:00:00.000Z",
                "datasourceId": "DFRSA4000",
                "pm10ConcMassNowcast": null,
                "pm10ConcMassNowcastUsEpaAqi": null,
                "pm2_5ConcMassNowcast": 6.48,
                "pm2_5ConcMassNowcastUsEpaAqi": 36.0
            },
            "geometry": {
                "type": "Point",
                "coordinates": [
                    "-87.6178",
                    "41.8937"
                ]
            }
        },
        {
            "type": "Feature",
            "properties": {
                "time": "2025-11-03T02:00:00.000Z",
                "datasourceId": "DIBVR6629",
                "pm10ConcMassNowcast": null,
                "pm10ConcMassNowcastUsEpaAqi": null,
                "pm2_5ConcMassNowcast": 4.77,
                "pm2_5ConcMassNowcastUsEpaAqi": 26.0
            },
            "geometry": {
                "type": "Point",
                "coordinates": [
                    "-87.6745",
                    "41.7209"
                ]
            }
        },
        {
            "type": "Feature",
            "properties": {
                "time": "2025-11-03T02:00:00.000Z",
                "datasourceId": "DMIYV7889",
                "pm10ConcMassNowcast": null,
                "pm10ConcMassNowcastUsEpaAqi": null,
                "pm2_5ConcMassNowcast": 4.23,
                "pm2_5ConcMassNowcastUsEpaAqi": 23.0
            },
            "geometry": {
                "type": "Point",
                "coordinates": [
                    "-87.8528",
                    "41.9661"
                ]
            }
        },
        {
            "type": "Feature",
            "properties": {
                "time": "2025-11-03T02:00:00.000Z",
                "datasourceId": "DMMRS6981",
                "pm10ConcMassNowcast": null,
                "pm10ConcMassNowcastUsEpaAqi": null,
                "pm2_5ConcMassNowcast": 4.19,
                "pm2_5ConcMassNowcastUsEpaAqi": 23.0
            },
            "geometry": {
                "type": "Point",
                "coordinates": [
                    "-87.7814",
                    "42.0042"
                ]
            }
        },
        {
            "type": "Feature",
            "properties": {
                "time": "2025-11-03T02:00:00.000Z",
                "datasourceId": "DMLBL6950",
                "pm10ConcMassNowcast": null,
                "pm10ConcMassNowcastUsEpaAqi": null,
                "pm2_5ConcMassNowcast": 5.35,
                "pm2_5ConcMassNowcastUsEpaAqi": 29.0
            },
            "geometry": {
                "type": "Point",
                "coordinates": [
                    "-87.7207",
                    "41.7786"
                ]
            }
        },
        {
            "type": "Feature",
            "properties": {
                "time": "2025-11-03T02:00:00.000Z",
                "datasourceId": "DRCSL7614",
                "pm10ConcMassNowcast": null,
                "pm10ConcMassNowcastUsEpaAqi": null,
                "pm2_5ConcMassNowcast": 4.48,
                "pm2_5ConcMassNowcastUsEpaAqi": 24.0
            },
            "geometry": {
                "type": "Point",
                "coordinates": [
                    "-87.7806",
                    "41.9757"
                ]
            }
        },
        {
            "type": "Feature",
            "properties": {
                "time": "2025-11-03T02:00:00.000Z",
                "datasourceId": "DFKYH6865",
                "pm10ConcMassNowcast": null,
                "pm10ConcMassNowcastUsEpaAqi": null,
                "pm2_5ConcMassNowcast": 4.82,
                "pm2_5ConcMassNowcastUsEpaAqi": 27.0
            },
            "geometry": {
                "type": "Point",
                "coordinates": [
                    "-87.6746",
                    "41.6920"
                ]
            }
        },
        {
            "type": "Feature",
            "properties": {
                "time": "2025-11-03T02:00:00.000Z",
                "datasourceId": "DPMHQ8304",
                "pm10ConcMassNowcast": null,
                "pm10ConcMassNowcastUsEpaAqi": null,
                "pm2_5ConcMassNowcast": 4.71,
                "pm2_5ConcMassNowcastUsEpaAqi": 26.0
            },
            "geometry": {
                "type": "Point",
                "coordinates": [
                    "-87.6716",
                    "41.9762"
                ]
            }
        },
        {
            "type": "Feature",
            "properties": {
                "time": "2025-11-03T02:00:00.000Z",
                "datasourceId": "DRYBG8957",
                "pm10ConcMassNowcast": null,
                "pm10ConcMassNowcastUsEpaAqi": null,
                "pm2_5ConcMassNowcast": 4.82,
                "pm2_5ConcMassNowcastUsEpaAqi": 27.0
            },
            "geometry": {
                "type": "Point",
                "coordinates": [
                    "-87.6656",
                    "41.8276"
                ]
            }
        },
        {
            "type": "Feature",
            "properties": {
                "time": "2025-11-03T02:00:00.000Z",
                "datasourceId": "DZCNZ4799",
                "pm10ConcMassNowcast": null,
                "pm10ConcMassNowcastUsEpaAqi": null,
                "pm2_5ConcMassNowcast": 5.16,
                "pm2_5ConcMassNowcastUsEpaAqi": 28.0
            },
            "geometry": {
                "type": "Point",
                "coordinates": [
                    "-87.6885",
                    "41.9489"
                ]
            }
        },
        {
            "type": "Feature",
            "properties": {
                "time": "2025-11-03T02:00:00.000Z",
                "datasourceId": "DIEET8865",
                "pm10ConcMassNowcast": null,
                "pm10ConcMassNowcastUsEpaAqi": null,
                "pm2_5ConcMassNowcast": 4.41,
                "pm2_5ConcMassNowcastUsEpaAqi": 24.0
            },
            "geometry": {
                "type": "Point",
                "coordinates": [
                    "-87.6013",
                    "41.7864"
                ]
            }
        },
        {
            "type": "Feature",
            "properties": {
                "time": "2025-11-03T02:00:00.000Z",
                "datasourceId": "DEJMD2536",
                "pm10ConcMassNowcast": null,
                "pm10ConcMassNowcastUsEpaAqi": null,
                "pm2_5ConcMassNowcast": 4.16,
                "pm2_5ConcMassNowcastUsEpaAqi": 23.0
            },
            "geometry": {
                "type": "Point",
                "coordinates": [
                    "-87.8466",
                    "41.9766"
                ]
            }
        },
        {
            "type": "Feature",
            "properties": {
                "time": "2025-11-03T02:00:00.000Z",
                "datasourceId": "DWMUZ3935",
                "pm10ConcMassNowcast": null,
                "pm10ConcMassNowcastUsEpaAqi": null,
                "pm2_5ConcMassNowcast": 4.95,
                "pm2_5ConcMassNowcastUsEpaAqi": 27.0
            },
            "geometry": {
                "type": "Point",
                "coordinates": [
                    "-87.6901",
                    "41.9614"
                ]
            }
        },
        {
            "type": "Feature",
            "properties": {
                "time": "2025-11-03T02:00:00.000Z",
                "datasourceId": "DWRMS8182",
                "pm10ConcMassNowcast": null,
                "pm10ConcMassNowcastUsEpaAqi": null,
                "pm2_5ConcMassNowcast": 5.18,
                "pm2_5ConcMassNowcastUsEpaAqi": 28.0
            },
            "geometry": {
                "type": "Point",
                "coordinates": [
                    "-87.5688",
                    "41.7516"
                ]
            }
        },
        {
            "type": "Feature",
            "properties": {
                "time": "2025-11-03T02:00:00.000Z",
                "datasourceId": "DGDNA0617",
                "pm10ConcMassNowcast": null,
                "pm10ConcMassNowcastUsEpaAqi": null,
                "pm2_5ConcMassNowcast": 4.73,
                "pm2_5ConcMassNowcastUsEpaAqi": 26.0
            },
            "geometry": {
                "type": "Point",
                "coordinates": [
                    "-87.8181",
                    "42.0028"
                ]
            }
        },
        {
            "type": "Feature",
            "properties": {
                "time": "2025-11-03T02:00:00.000Z",
                "datasourceId": "DBTKW5792",
                "pm10ConcMassNowcast": null,
                "pm10ConcMassNowcastUsEpaAqi": null,
                "pm2_5ConcMassNowcast": 4.19,
                "pm2_5ConcMassNowcastUsEpaAqi": 23.0
            },
            "geometry": {
                "type": "Point",
                "coordinates": [
                    "-87.7665",
                    "41.8909"
                ]
            }
        },
        {
            "type": "Feature",
            "properties": {
                "time": "2025-11-03T02:00:00.000Z",
                "datasourceId": "DIFPQ7419",
                "pm10ConcMassNowcast": null,
                "pm10ConcMassNowcastUsEpaAqi": null,
                "pm2_5ConcMassNowcast": 4.4,
                "pm2_5ConcMassNowcastUsEpaAqi": 24.0
            },
            "geometry": {
                "type": "Point",
                "coordinates": [
                    "-87.6724",
                    "41.9217"
                ]
            }
        },
        {
            "type": "Feature",
            "properties": {
                "time": "2025-11-03T02:00:00.000Z",
                "datasourceId": "DIXEX6164",
                "pm10ConcMassNowcast": null,
                "pm10ConcMassNowcastUsEpaAqi": null,
                "pm2_5ConcMassNowcast": 4.97,
                "pm2_5ConcMassNowcastUsEpaAqi": 27.0
            },
            "geometry": {
                "type": "Point",
                "coordinates": [
                    "-87.5855",
                    "41.7261"
                ]
            }
        },
        {
            "type": "Feature",
            "properties": {
                "time": "2025-11-03T02:00:00.000Z",
                "datasourceId": "DBIRF2035",
                "pm10ConcMassNowcast": null,
                "pm10ConcMassNowcastUsEpaAqi": null,
                "pm2_5ConcMassNowcast": 7.96,
                "pm2_5ConcMassNowcastUsEpaAqi": 44.0
            },
            "geometry": {
                "type": "Point",
                "coordinates": [
                    "-87.7035",
                    "41.7902"
                ]
            }
        },
        {
            "type": "Feature",
            "properties": {
                "time": "2025-11-03T02:00:00.000Z",
                "datasourceId": "DXWXZ1902",
                "pm10ConcMassNowcast": null,
                "pm10ConcMassNowcastUsEpaAqi": null,
                "pm2_5ConcMassNowcast": 5.15,
                "pm2_5ConcMassNowcastUsEpaAqi": 28.0
            },
            "geometry": {
                "type": "Point",
                "coordinates": [
                    "-87.5692",
                    "41.7134"
                ]
            }
        },
        {
            "type": "Feature",
            "properties": {
                "time": "2025-11-03T02:00:00.000Z",
                "datasourceId": "DLDVK7370",
                "pm10ConcMassNowcast": null,
                "pm10ConcMassNowcastUsEpaAqi": null,
                "pm2_5ConcMassNowcast": 4.88,
                "pm2_5ConcMassNowcastUsEpaAqi": 27.0
            },
            "geometry": {
                "type": "Point",
                "coordinates": [
                    "-87.5522",
                    "41.7519"
                ]
            }
        },
        {
            "type": "Feature",
            "properties": {
                "time": "2025-11-03T02:00:00.000Z",
                "datasourceId": "DEQFM3089",
                "pm10ConcMassNowcast": null,
                "pm10ConcMassNowcastUsEpaAqi": null,
                "pm2_5ConcMassNowcast": 4.57,
                "pm2_5ConcMassNowcastUsEpaAqi": 25.0
            },
            "geometry": {
                "type": "Point",
                "coordinates": [
                    "-87.7494",
                    "41.9647"
                ]
            }
        },
        {
            "type": "Feature",
            "properties": {
                "time": "2025-11-03T02:00:00.000Z",
                "datasourceId": "DCIJQ7018",
                "pm10ConcMassNowcast": null,
                "pm10ConcMassNowcastUsEpaAqi": null,
                "pm2_5ConcMassNowcast": 4.26,
                "pm2_5ConcMassNowcastUsEpaAqi": 23.0
            },
            "geometry": {
                "type": "Point",
                "coordinates": [
                    "-87.7095",
                    "42.0034"
                ]
            }
        },
        {
            "type": "Feature",
            "properties": {
                "time": "2025-11-03T02:00:00.000Z",
                "datasourceId": "DTYDP5264",
                "pm10ConcMassNowcast": null,
                "pm10ConcMassNowcastUsEpaAqi": null,
                "pm2_5ConcMassNowcast": 4.16,
                "pm2_5ConcMassNowcastUsEpaAqi": 23.0
            },
            "geometry": {
                "type": "Point",
                "coordinates": [
                    "-87.8160",
                    "41.9901"
                ]
            }
        },
        {
            "type": "Feature",
            "properties": {
                "time": "2025-11-03T02:00:00.000Z",
                "datasourceId": "DFNBI6922",
                "pm10ConcMassNowcast": null,
                "pm10ConcMassNowcastUsEpaAqi": null,
                "pm2_5ConcMassNowcast": 4.61,
                "pm2_5ConcMassNowcastUsEpaAqi": 26.0
            },
            "geometry": {
                "type": "Point",
                "coordinates": [
                    "-87.7111",
                    "41.6915"
                ]
            }
        },
        {
            "type": "Feature",
            "properties": {
                "time": "2025-11-03T02:00:00.000Z",
                "datasourceId": "DPQLM7176",
                "pm10ConcMassNowcast": null,
                "pm10ConcMassNowcastUsEpaAqi": null,
                "pm2_5ConcMassNowcast": 4.48,
                "pm2_5ConcMassNowcastUsEpaAqi": 24.0
            },
            "geometry": {
                "type": "Point",
                "coordinates": [
                    "-87.6720",
                    "41.9470"
                ]
            }
        },
        {
            "type": "Feature",
            "properties": {
                "time": "2025-11-03T02:00:00.000Z",
                "datasourceId": "DQWCU6663",
                "pm10ConcMassNowcast": null,
                "pm10ConcMassNowcastUsEpaAqi": null,
                "pm2_5ConcMassNowcast": 4.66,
                "pm2_5ConcMassNowcastUsEpaAqi": 26.0
            },
            "geometry": {
                "type": "Point",
                "coordinates": [
                    "-87.7697",
                    "41.8656"
                ]
            }
        },
        {
            "type": "Feature",
            "properties": {
                "time": "2025-11-03T02:00:00.000Z",
                "datasourceId": "DNFCT5518",
                "pm10ConcMassNowcast": null,
                "pm10ConcMassNowcastUsEpaAqi": null,
                "pm2_5ConcMassNowcast": 4.86,
                "pm2_5ConcMassNowcastUsEpaAqi": 27.0
            },
            "geometry": {
                "type": "Point",
                "coordinates": [
                    "-87.6368",
                    "41.6997"
                ]
            }
        },
        {
            "type": "Feature",
            "properties": {
                "time": "2025-11-03T02:00:00.000Z",
                "datasourceId": "DZLAV7766",
                "pm10ConcMassNowcast": null,
                "pm10ConcMassNowcastUsEpaAqi": null,
                "pm2_5ConcMassNowcast": 5.73,
                "pm2_5ConcMassNowcastUsEpaAqi": 32.0
            },
            "geometry": {
                "type": "Point",
                "coordinates": [
                    "-87.7549",
                    "41.8786"
                ]
            }
        },
        {
            "type": "Feature",
            "properties": {
                "time": "2025-11-03T02:00:00.000Z",
                "datasourceId": "DCQTB2627",
                "pm10ConcMassNowcast": null,
                "pm10ConcMassNowcastUsEpaAqi": null,
                "pm2_5ConcMassNowcast": 4.78,
                "pm2_5ConcMassNowcastUsEpaAqi": 26.0
            },
            "geometry": {
                "type": "Point",
                "coordinates": [
                    "-87.7633",
                    "41.9753"
                ]
            }
        },
        {
            "type": "Feature",
            "properties": {
                "time": "2025-11-03T02:00:00.000Z",
                "datasourceId": "DSKDX3738",
                "pm10ConcMassNowcast": null,
                "pm10ConcMassNowcastUsEpaAqi": null,
                "pm2_5ConcMassNowcast": 4.85,
                "pm2_5ConcMassNowcastUsEpaAqi": 27.0
            },
            "geometry": {
                "type": "Point",
                "coordinates": [
                    "-87.6315",
                    "41.8274"
                ]
            }
        },
        {
            "type": "Feature",
            "properties": {
                "time": "2025-11-03T02:00:00.000Z",
                "datasourceId": "DFCTF9310",
                "pm10ConcMassNowcast": null,
                "pm10ConcMassNowcastUsEpaAqi": null,
                "pm2_5ConcMassNowcast": 4.28,
                "pm2_5ConcMassNowcastUsEpaAqi": 23.0
            },
            "geometry": {
                "type": "Point",
                "coordinates": [
                    "-87.6536",
                    "41.6996"
                ]
            }
        },
        {
            "type": "Feature",
            "properties": {
                "time": "2025-11-03T02:00:00.000Z",
                "datasourceId": "DIHMX0551",
                "pm10ConcMassNowcast": null,
                "pm10ConcMassNowcastUsEpaAqi": null,
                "pm2_5ConcMassNowcast": 4.61,
                "pm2_5ConcMassNowcastUsEpaAqi": 26.0
            },
            "geometry": {
                "type": "Point",
                "coordinates": [
                    "-87.7021",
                    "41.8908"
                ]
            }
        },
        {
            "type": "Feature",
            "properties": {
                "time": "2025-11-03T02:00:00.000Z",
                "datasourceId": "DYZXT2661",
                "pm10ConcMassNowcast": null,
                "pm10ConcMassNowcastUsEpaAqi": null,
                "pm2_5ConcMassNowcast": 5.05,
                "pm2_5ConcMassNowcastUsEpaAqi": 28.0
            },
            "geometry": {
                "type": "Point",
                "coordinates": [
                    "-87.6206",
                    "41.7894"
                ]
            }
        },
        {
            "type": "Feature",
            "properties": {
                "time": "2025-11-03T02:00:00.000Z",
                "datasourceId": "DGTDZ6242",
                "pm10ConcMassNowcast": null,
                "pm10ConcMassNowcastUsEpaAqi": null,
                "pm2_5ConcMassNowcast": 4.24,
                "pm2_5ConcMassNowcastUsEpaAqi": 23.0
            },
            "geometry": {
                "type": "Point",
                "coordinates": [
                    "-87.7445",
                    "41.9898"
                ]
            }
        },
        {
            "type": "Feature",
            "properties": {
                "time": "2025-11-03T02:00:00.000Z",
                "datasourceId": "DYRMT9480",
                "pm10ConcMassNowcast": null,
                "pm10ConcMassNowcastUsEpaAqi": null,
                "pm2_5ConcMassNowcast": 5.37,
                "pm2_5ConcMassNowcastUsEpaAqi": 29.0
            },
            "geometry": {
                "type": "Point",
                "coordinates": [
                    "-87.6901",
                    "42.0165"
                ]
            }
        },
        {
            "type": "Feature",
            "properties": {
                "time": "2025-11-03T02:00:00.000Z",
                "datasourceId": "DKIJX6114",
                "pm10ConcMassNowcast": null,
                "pm10ConcMassNowcastUsEpaAqi": null,
                "pm2_5ConcMassNowcast": 4.48,
                "pm2_5ConcMassNowcastUsEpaAqi": 24.0
            },
            "geometry": {
                "type": "Point",
                "coordinates": [
                    "-87.6900",
                    "41.9759"
                ]
            }
        },
        {
            "type": "Feature",
            "properties": {
                "time": "2025-11-03T02:00:00.000Z",
                "datasourceId": "DZKWB0839",
                "pm10ConcMassNowcast": null,
                "pm10ConcMassNowcastUsEpaAqi": null,
                "pm2_5ConcMassNowcast": 4.68,
                "pm2_5ConcMassNowcastUsEpaAqi": 26.0
            },
            "geometry": {
                "type": "Point",
                "coordinates": [
                    "-87.5357",
                    "41.7134"
                ]
            }
        },
        {
            "type": "Feature",
            "properties": {
                "time": "2025-11-03T02:00:00.000Z",
                "datasourceId": "DMSGP0807",
                "pm10ConcMassNowcast": null,
                "pm10ConcMassNowcastUsEpaAqi": null,
                "pm2_5ConcMassNowcast": 6.29,
                "pm2_5ConcMassNowcastUsEpaAqi": 34.0
            },
            "geometry": {
                "type": "Point",
                "coordinates": [
                    "-87.8365",
                    "41.9767"
                ]
            }
        },
        {
            "type": "Feature",
            "properties": {
                "time": "2025-11-03T02:00:00.000Z",
                "datasourceId": "DWBTT8209",
                "pm10ConcMassNowcast": null,
                "pm10ConcMassNowcastUsEpaAqi": null,
                "pm2_5ConcMassNowcast": 4.32,
                "pm2_5ConcMassNowcastUsEpaAqi": 24.0
            },
            "geometry": {
                "type": "Point",
                "coordinates": [
                    "-87.8163",
                    "42.0115"
                ]
            }
        },
        {
            "type": "Feature",
            "properties": {
                "time": "2025-11-03T02:00:00.000Z",
                "datasourceId": "DBIZF0451",
                "pm10ConcMassNowcast": null,
                "pm10ConcMassNowcastUsEpaAqi": null,
                "pm2_5ConcMassNowcast": 4.77,
                "pm2_5ConcMassNowcastUsEpaAqi": 26.0
            },
            "geometry": {
                "type": "Point",
                "coordinates": [
                    "-87.6369",
                    "41.6760"
                ]
            }
        },
        {
            "type": "Feature",
            "properties": {
                "time": "2025-11-03T02:00:00.000Z",
                "datasourceId": "DXXAJ4778",
                "pm10ConcMassNowcast": null,
                "pm10ConcMassNowcastUsEpaAqi": null,
                "pm2_5ConcMassNowcast": 6.07,
                "pm2_5ConcMassNowcastUsEpaAqi": 33.0
            },
            "geometry": {
                "type": "Point",
                "coordinates": [
                    "-87.7206",
                    "41.7641"
                ]
            }
        },
        {
            "type": "Feature",
            "properties": {
                "time": "2025-11-03T02:00:00.000Z",
                "datasourceId": "DMAFX5938",
                "pm10ConcMassNowcast": null,
                "pm10ConcMassNowcastUsEpaAqi": null,
                "pm2_5ConcMassNowcast": 4.74,
                "pm2_5ConcMassNowcastUsEpaAqi": 26.0
            },
            "geometry": {
                "type": "Point",
                "coordinates": [
                    "-87.5688",
                    "41.7393"
                ]
            }
        },
        {
            "type": "Feature",
            "properties": {
                "time": "2025-11-03T02:00:00.000Z",
                "datasourceId": "DAUPG9028",
                "pm10ConcMassNowcast": null,
                "pm10ConcMassNowcastUsEpaAqi": null,
                "pm2_5ConcMassNowcast": 5.13,
                "pm2_5ConcMassNowcastUsEpaAqi": 28.0
            },
            "geometry": {
                "type": "Point",
                "coordinates": [
                    "-87.7626",
                    "41.9606"
                ]
            }
        },
        {
            "type": "Feature",
            "properties": {
                "time": "2025-11-03T02:00:00.000Z",
                "datasourceId": "DWZPM1574",
                "pm10ConcMassNowcast": null,
                "pm10ConcMassNowcastUsEpaAqi": null,
                "pm2_5ConcMassNowcast": 5.41,
                "pm2_5ConcMassNowcastUsEpaAqi": 30.0
            },
            "geometry": {
                "type": "Point",
                "coordinates": [
                    "-87.6866",
                    "41.8910"
                ]
            }
        },
        {
            "type": "Feature",
            "properties": {
                "time": "2025-11-03T02:00:00.000Z",
                "datasourceId": "DAPJK7781",
                "pm10ConcMassNowcast": null,
                "pm10ConcMassNowcastUsEpaAqi": null,
                "pm2_5ConcMassNowcast": 4.54,
                "pm2_5ConcMassNowcastUsEpaAqi": 25.0
            },
            "geometry": {
                "type": "Point",
                "coordinates": [
                    "-87.6693",
                    "41.8777"
                ]
            }
        },
        {
            "type": "Feature",
            "properties": {
                "time": "2025-11-03T02:00:00.000Z",
                "datasourceId": "DWZRL1539",
                "pm10ConcMassNowcast": null,
                "pm10ConcMassNowcastUsEpaAqi": null,
                "pm2_5ConcMassNowcast": 4.49,
                "pm2_5ConcMassNowcastUsEpaAqi": 24.0
            },
            "geometry": {
                "type": "Point",
                "coordinates": [
                    "-87.7364",
                    "41.9162"
                ]
            }
        },
        {
            "type": "Feature",
            "properties": {
                "time": "2025-11-03T02:00:00.000Z",
                "datasourceId": "DSSRJ8951",
                "pm10ConcMassNowcast": null,
                "pm10ConcMassNowcastUsEpaAqi": null,
                "pm2_5ConcMassNowcast": 5.02,
                "pm2_5ConcMassNowcastUsEpaAqi": 28.0
            },
            "geometry": {
                "type": "Point",
                "coordinates": [
                    "-87.6552",
                    "41.9031"
                ]
            }
        },
        {
            "type": "Feature",
            "properties": {
                "time": "2025-11-03T02:00:00.000Z",
                "datasourceId": "DAPBK7657",
                "pm10ConcMassNowcast": null,
                "pm10ConcMassNowcastUsEpaAqi": null,
                "pm2_5ConcMassNowcast": 5.34,
                "pm2_5ConcMassNowcastUsEpaAqi": 29.0
            },
            "geometry": {
                "type": "Point",
                "coordinates": [
                    "-87.7048",
                    "41.8404"
                ]
            }
        },
        {
            "type": "Feature",
            "properties": {
                "time": "2025-11-03T02:00:00.000Z",
                "datasourceId": "DPBXQ5234",
                "pm10ConcMassNowcast": null,
                "pm10ConcMassNowcastUsEpaAqi": null,
                "pm2_5ConcMassNowcast": 4.46,
                "pm2_5ConcMassNowcastUsEpaAqi": 24.0
            },
            "geometry": {
                "type": "Point",
                "coordinates": [
                    "-87.7086",
                    "41.9764"
                ]
            }
        },
        {
            "type": "Feature",
            "properties": {
                "time": "2025-11-03T02:00:00.000Z",
                "datasourceId": "DQZEA3135",
                "pm10ConcMassNowcast": null,
                "pm10ConcMassNowcastUsEpaAqi": null,
                "pm2_5ConcMassNowcast": 4.48,
                "pm2_5ConcMassNowcastUsEpaAqi": 24.0
            },
            "geometry": {
                "type": "Point",
                "coordinates": [
                    "-87.5970",
                    "41.6953"
                ]
            }
        },
        {
            "type": "Feature",
            "properties": {
                "time": "2025-11-03T02:00:00.000Z",
                "datasourceId": "DRZTP3103",
                "pm10ConcMassNowcast": null,
                "pm10ConcMassNowcastUsEpaAqi": null,
                "pm2_5ConcMassNowcast": 4.22,
                "pm2_5ConcMassNowcastUsEpaAqi": 23.0
            },
            "geometry": {
                "type": "Point",
                "coordinates": [
                    "-87.7703",
                    "41.8777"
                ]
            }
        },
        {
            "type": "Feature",
            "properties": {
                "time": "2025-11-03T02:00:00.000Z",
                "datasourceId": "DUXLQ7589",
                "pm10ConcMassNowcast": null,
                "pm10ConcMassNowcastUsEpaAqi": null,
                "pm2_5ConcMassNowcast": 4.86,
                "pm2_5ConcMassNowcastUsEpaAqi": 27.0
            },
            "geometry": {
                "type": "Point",
                "coordinates": [
                    "-87.7265",
                    "41.9755"
                ]
            }
        },
        {
            "type": "Feature",
            "properties": {
                "time": "2025-11-03T02:00:00.000Z",
                "datasourceId": "DIUZJ7853",
                "pm10ConcMassNowcast": null,
                "pm10ConcMassNowcastUsEpaAqi": null,
                "pm2_5ConcMassNowcast": 4.18,
                "pm2_5ConcMassNowcastUsEpaAqi": 23.0
            },
            "geometry": {
                "type": "Point",
                "coordinates": [
                    "-87.7719",
                    "41.7899"
                ]
            }
        },
        {
            "type": "Feature",
            "properties": {
                "time": "2025-11-03T02:00:00.000Z",
                "datasourceId": "DPNPJ6846",
                "pm10ConcMassNowcast": null,
                "pm10ConcMassNowcastUsEpaAqi": null,
                "pm2_5ConcMassNowcast": 5.79,
                "pm2_5ConcMassNowcastUsEpaAqi": 32.0
            },
            "geometry": {
                "type": "Point",
                "coordinates": [
                    "-87.6521",
                    "41.8161"
                ]
            }
        },
        {
            "type": "Feature",
            "properties": {
                "time": "2025-11-03T02:00:00.000Z",
                "datasourceId": "DDZMI3291",
                "pm10ConcMassNowcast": null,
                "pm10ConcMassNowcastUsEpaAqi": null,
                "pm2_5ConcMassNowcast": 5.12,
                "pm2_5ConcMassNowcastUsEpaAqi": 28.0
            },
            "geometry": {
                "type": "Point",
                "coordinates": [
                    "-87.6854",
                    "41.8406"
                ]
            }
        },
        {
            "type": "Feature",
            "properties": {
                "time": "2025-11-03T02:00:00.000Z",
                "datasourceId": "DHSIJ5379",
                "pm10ConcMassNowcast": null,
                "pm10ConcMassNowcastUsEpaAqi": null,
                "pm2_5ConcMassNowcast": 4.65,
                "pm2_5ConcMassNowcastUsEpaAqi": 26.0
            },
            "geometry": {
                "type": "Point",
                "coordinates": [
                    "-87.6490",
                    "41.7261"
                ]
            }
        },
        {
            "type": "Feature",
            "properties": {
                "time": "2025-11-03T02:00:00.000Z",
                "datasourceId": "DHJUH1119",
                "pm10ConcMassNowcast": null,
                "pm10ConcMassNowcastUsEpaAqi": null,
                "pm2_5ConcMassNowcast": 4.5,
                "pm2_5ConcMassNowcastUsEpaAqi": 25.0
            },
            "geometry": {
                "type": "Point",
                "coordinates": [
                    "-87.7768",
                    "41.9502"
                ]
            }
        },
        {
            "type": "Feature",
            "properties": {
                "time": "2025-11-03T02:00:00.000Z",
                "datasourceId": "DJCYU2364",
                "pm10ConcMassNowcast": null,
                "pm10ConcMassNowcastUsEpaAqi": null,
                "pm2_5ConcMassNowcast": 4.82,
                "pm2_5ConcMassNowcastUsEpaAqi": 27.0
            },
            "geometry": {
                "type": "Point",
                "coordinates": [
                    "-87.6174",
                    "41.8275"
                ]
            }
        },
        {
            "type": "Feature",
            "properties": {
                "time": "2025-11-03T02:00:00.000Z",
                "datasourceId": "DMHRT7456",
                "pm10ConcMassNowcast": null,
                "pm10ConcMassNowcastUsEpaAqi": null,
                "pm2_5ConcMassNowcast": 5.33,
                "pm2_5ConcMassNowcastUsEpaAqi": 29.0
            },
            "geometry": {
                "type": "Point",
                "coordinates": [
                    "-87.6871",
                    "41.7647"
                ]
            }
        },
        {
            "type": "Feature",
            "properties": {
                "time": "2025-11-03T02:00:00.000Z",
                "datasourceId": "DZFFW4078",
                "pm10ConcMassNowcast": null,
                "pm10ConcMassNowcastUsEpaAqi": null,
                "pm2_5ConcMassNowcast": 4.79,
                "pm2_5ConcMassNowcastUsEpaAqi": 26.0
            },
            "geometry": {
                "type": "Point",
                "coordinates": [
                    "-87.5398",
                    "41.6499"
                ]
            }
        },
        {
            "type": "Feature",
            "properties": {
                "time": "2025-11-03T02:00:00.000Z",
                "datasourceId": "DKDJK5693",
                "pm10ConcMassNowcast": null,
                "pm10ConcMassNowcastUsEpaAqi": null,
                "pm2_5ConcMassNowcast": 5.27,
                "pm2_5ConcMassNowcastUsEpaAqi": 29.0
            },
            "geometry": {
                "type": "Point",
                "coordinates": [
                    "-87.6233",
                    "41.7290"
                ]
            }
        },
        {
            "type": "Feature",
            "properties": {
                "time": "2025-11-03T02:00:00.000Z",
                "datasourceId": "DYUGS4351",
                "pm10ConcMassNowcast": null,
                "pm10ConcMassNowcastUsEpaAqi": null,
                "pm2_5ConcMassNowcast": 5.06,
                "pm2_5ConcMassNowcastUsEpaAqi": 28.0
            },
            "geometry": {
                "type": "Point",
                "coordinates": [
                    "-87.7022",
                    "41.8774"
                ]
            }
        },
        {
            "type": "Feature",
            "properties": {
                "time": "2025-11-03T02:00:00.000Z",
                "datasourceId": "DJKZD4256",
                "pm10ConcMassNowcast": null,
                "pm10ConcMassNowcastUsEpaAqi": null,
                "pm2_5ConcMassNowcast": 4.09,
                "pm2_5ConcMassNowcastUsEpaAqi": 22.0
            },
            "geometry": {
                "type": "Point",
                "coordinates": [
                    "-87.6751",
                    "41.6774"
                ]
            }
        },
        {
            "type": "Feature",
            "properties": {
                "time": "2025-11-03T02:00:00.000Z",
                "datasourceId": "DVPZF1960",
                "pm10ConcMassNowcast": null,
                "pm10ConcMassNowcastUsEpaAqi": null,
                "pm2_5ConcMassNowcast": 6.37,
                "pm2_5ConcMassNowcastUsEpaAqi": 35.0
            },
            "geometry": {
                "type": "Point",
                "coordinates": [
                    "-87.6352",
                    "41.8672"
                ]
            }
        },
        {
            "type": "Feature",
            "properties": {
                "time": "2025-11-03T02:00:00.000Z",
                "datasourceId": "DCIRD2804",
                "pm10ConcMassNowcast": null,
                "pm10ConcMassNowcastUsEpaAqi": null,
                "pm2_5ConcMassNowcast": 4.9,
                "pm2_5ConcMassNowcastUsEpaAqi": 27.0
            },
            "geometry": {
                "type": "Point",
                "coordinates": [
                    "-87.6196",
                    "41.8677"
                ]
            }
        },
        {
            "type": "Feature",
            "properties": {
                "time": "2025-11-03T02:00:00.000Z",
                "datasourceId": "DMARJ5120",
                "pm10ConcMassNowcast": null,
                "pm10ConcMassNowcastUsEpaAqi": null,
                "pm2_5ConcMassNowcast": 4.41,
                "pm2_5ConcMassNowcastUsEpaAqi": 24.0
            },
            "geometry": {
                "type": "Point",
                "coordinates": [
                    "-87.6012",
                    "41.7995"
                ]
            }
        },
        {
            "type": "Feature",
            "properties": {
                "time": "2025-11-03T02:00:00.000Z",
                "datasourceId": "DJJVG1917",
                "pm10ConcMassNowcast": null,
                "pm10ConcMassNowcastUsEpaAqi": null,
                "pm2_5ConcMassNowcast": 4.64,
                "pm2_5ConcMassNowcastUsEpaAqi": 26.0
            },
            "geometry": {
                "type": "Point",
                "coordinates": [
                    "-87.6708",
                    "41.9900"
                ]
            }
        },
        {
            "type": "Feature",
            "properties": {
                "time": "2025-11-03T02:00:00.000Z",
                "datasourceId": "DSKEW3707",
                "pm10ConcMassNowcast": null,
                "pm10ConcMassNowcastUsEpaAqi": null,
                "pm2_5ConcMassNowcast": 5.41,
                "pm2_5ConcMassNowcastUsEpaAqi": 30.0
            },
            "geometry": {
                "type": "Point",
                "coordinates": [
                    "-87.6367",
                    "41.7217"
                ]
            }
        },
        {
            "type": "Feature",
            "properties": {
                "time": "2025-11-03T02:00:00.000Z",
                "datasourceId": "DDQNT6485",
                "pm10ConcMassNowcast": null,
                "pm10ConcMassNowcastUsEpaAqi": null,
                "pm2_5ConcMassNowcast": 5.21,
                "pm2_5ConcMassNowcastUsEpaAqi": 29.0
            },
            "geometry": {
                "type": "Point",
                "coordinates": [
                    "-87.6354",
                    "41.8525"
                ]
            }
        },
        {
            "type": "Feature",
            "properties": {
                "time": "2025-11-03T02:00:00.000Z",
                "datasourceId": "DHIBT9527",
                "pm10ConcMassNowcast": null,
                "pm10ConcMassNowcastUsEpaAqi": null,
                "pm2_5ConcMassNowcast": 7.73,
                "pm2_5ConcMassNowcastUsEpaAqi": 43.0
            },
            "geometry": {
                "type": "Point",
                "coordinates": [
                    "-87.6855",
                    "41.8653"
                ]
            }
        },
        {
            "type": "Feature",
            "properties": {
                "time": "2025-11-03T02:00:00.000Z",
                "datasourceId": "DQJVA6225",
                "pm10ConcMassNowcast": null,
                "pm10ConcMassNowcastUsEpaAqi": null,
                "pm2_5ConcMassNowcast": 4.39,
                "pm2_5ConcMassNowcastUsEpaAqi": 24.0
            },
            "geometry": {
                "type": "Point",
                "coordinates": [
                    "-87.7662",
                    "41.9904"
                ]
            }
        },
        {
            "type": "Feature",
            "properties": {
                "time": "2025-11-03T02:00:00.000Z",
                "datasourceId": "DZBHR9476",
                "pm10ConcMassNowcast": null,
                "pm10ConcMassNowcastUsEpaAqi": null,
                "pm2_5ConcMassNowcast": 5.28,
                "pm2_5ConcMassNowcastUsEpaAqi": 29.0
            },
            "geometry": {
                "type": "Point",
                "coordinates": [
                    "-87.6191",
                    "41.8540"
                ]
            }
        },
        {
            "type": "Feature",
            "properties": {
                "time": "2025-11-03T02:00:00.000Z",
                "datasourceId": "DFAKZ8204",
                "pm10ConcMassNowcast": null,
                "pm10ConcMassNowcastUsEpaAqi": null,
                "pm2_5ConcMassNowcast": 5.8,
                "pm2_5ConcMassNowcastUsEpaAqi": 32.0
            },
            "geometry": {
                "type": "Point",
                "coordinates": [
                    "-87.6527",
                    "41.8014"
                ]
            }
        },
        {
            "type": "Feature",
            "properties": {
                "time": "2025-11-03T02:00:00.000Z",
                "datasourceId": "DNCCJ5144",
                "pm10ConcMassNowcast": null,
                "pm10ConcMassNowcastUsEpaAqi": null,
                "pm2_5ConcMassNowcast": 4.68,
                "pm2_5ConcMassNowcastUsEpaAqi": 26.0
            },
            "geometry": {
                "type": "Point",
                "coordinates": [
                    "-87.7808",
                    "41.9604"
                ]
            }
        },
        {
            "type": "Feature",
            "properties": {
                "time": "2025-11-03T02:00:00.000Z",
                "datasourceId": "DDDYC7764",
                "pm10ConcMassNowcast": null,
                "pm10ConcMassNowcastUsEpaAqi": null,
                "pm2_5ConcMassNowcast": 4.86,
                "pm2_5ConcMassNowcastUsEpaAqi": 27.0
            },
            "geometry": {
                "type": "Point",
                "coordinates": [
                    "-87.6370",
                    "41.8945"
                ]
            }
        },
        {
            "type": "Feature",
            "properties": {
                "time": "2025-11-03T02:00:00.000Z",
                "datasourceId": "DBCBA3610",
                "pm10ConcMassNowcast": null,
                "pm10ConcMassNowcastUsEpaAqi": null,
                "pm2_5ConcMassNowcast": 4.87,
                "pm2_5ConcMassNowcastUsEpaAqi": 27.0
            },
            "geometry": {
                "type": "Point",
                "coordinates": [
                    "-87.7536",
                    "41.8659"
                ]
            }
        },
        {
            "type": "Feature",
            "properties": {
                "time": "2025-11-03T02:00:00.000Z",
                "datasourceId": "DIRJX6254",
                "pm10ConcMassNowcast": null,
                "pm10ConcMassNowcastUsEpaAqi": null,
                "pm2_5ConcMassNowcast": 5.34,
                "pm2_5ConcMassNowcastUsEpaAqi": 29.0
            },
            "geometry": {
                "type": "Point",
                "coordinates": [
                    "-87.6191",
                    "41.7656"
                ]
            }
        },
        {
            "type": "Feature",
            "properties": {
                "time": "2025-11-03T02:00:00.000Z",
                "datasourceId": "DITUM6528",
                "pm10ConcMassNowcast": null,
                "pm10ConcMassNowcastUsEpaAqi": null,
                "pm2_5ConcMassNowcast": 5.21,
                "pm2_5ConcMassNowcastUsEpaAqi": 29.0
            },
            "geometry": {
                "type": "Point",
                "coordinates": [
                    "-87.6862",
                    "41.8781"
                ]
            }
        },
        {
            "type": "Feature",
            "properties": {
                "time": "2025-11-03T02:00:00.000Z",
                "datasourceId": "DRDZF3698",
                "pm10ConcMassNowcast": null,
                "pm10ConcMassNowcastUsEpaAqi": null,
                "pm2_5ConcMassNowcast": 4.34,
                "pm2_5ConcMassNowcastUsEpaAqi": 24.0
            },
            "geometry": {
                "type": "Point",
                "coordinates": [
                    "-87.7656",
                    "41.9124"
                ]
            }
        },
        {
            "type": "Feature",
            "properties": {
                "time": "2025-11-03T02:00:00.000Z",
                "datasourceId": "DBFUZ7169",
                "pm10ConcMassNowcast": null,
                "pm10ConcMassNowcastUsEpaAqi": null,
                "pm2_5ConcMassNowcast": 4.68,
                "pm2_5ConcMassNowcastUsEpaAqi": 26.0
            },
            "geometry": {
                "type": "Point",
                "coordinates": [
                    "-87.5514",
                    "41.7389"
                ]
            }
        },
        {
            "type": "Feature",
            "properties": {
                "time": "2025-11-03T02:00:00.000Z",
                "datasourceId": "DNVBM2851",
                "pm10ConcMassNowcast": null,
                "pm10ConcMassNowcastUsEpaAqi": null,
                "pm2_5ConcMassNowcast": 5.56,
                "pm2_5ConcMassNowcastUsEpaAqi": 31.0
            },
            "geometry": {
                "type": "Point",
                "coordinates": [
                    "-87.6530",
                    "41.7651"
                ]
            }
        },
        {
            "type": "Feature",
            "properties": {
                "time": "2025-11-03T02:00:00.000Z",
                "datasourceId": "DGAID0757",
                "pm10ConcMassNowcast": null,
                "pm10ConcMassNowcastUsEpaAqi": null,
                "pm2_5ConcMassNowcast": 5.77,
                "pm2_5ConcMassNowcastUsEpaAqi": 32.0
            },
            "geometry": {
                "type": "Point",
                "coordinates": [
                    "-87.7524",
                    "41.9169"
                ]
            }
        },
        {
            "type": "Feature",
            "properties": {
                "time": "2025-11-03T02:00:00.000Z",
                "datasourceId": "DBYCW6873",
                "pm10ConcMassNowcast": null,
                "pm10ConcMassNowcastUsEpaAqi": null,
                "pm2_5ConcMassNowcast": 4.11,
                "pm2_5ConcMassNowcastUsEpaAqi": 23.0
            },
            "geometry": {
                "type": "Point",
                "coordinates": [
                    "-87.7990",
                    "41.9757"
                ]
            }
        },
        {
            "type": "Feature",
            "properties": {
                "time": "2025-11-03T02:00:00.000Z",
                "datasourceId": "DHWLS6819",
                "pm10ConcMassNowcast": null,
                "pm10ConcMassNowcastUsEpaAqi": null,
                "pm2_5ConcMassNowcast": 4.93,
                "pm2_5ConcMassNowcastUsEpaAqi": 27.0
            },
            "geometry": {
                "type": "Point",
                "coordinates": [
                    "-87.6374",
                    "41.6632"
                ]
            }
        },
        {
            "type": "Feature",
            "properties": {
                "time": "2025-11-03T02:00:00.000Z",
                "datasourceId": "DNEXF4696",
                "pm10ConcMassNowcast": null,
                "pm10ConcMassNowcastUsEpaAqi": null,
                "pm2_5ConcMassNowcast": 5.34,
                "pm2_5ConcMassNowcastUsEpaAqi": 29.0
            },
            "geometry": {
                "type": "Point",
                "coordinates": [
                    "-87.7194",
                    "41.8531"
                ]
            }
        },
        {
            "type": "Feature",
            "properties": {
                "time": "2025-11-03T02:00:00.000Z",
                "datasourceId": "DRILK5150",
                "pm10ConcMassNowcast": null,
                "pm10ConcMassNowcastUsEpaAqi": null,
                "pm2_5ConcMassNowcast": 4.23,
                "pm2_5ConcMassNowcastUsEpaAqi": 23.0
            },
            "geometry": {
                "type": "Point",
                "coordinates": [
                    "-87.7183",
                    "41.8772"
                ]
            }
        },
        {
            "type": "Feature",
            "properties": {
                "time": "2025-11-03T02:00:00.000Z",
                "datasourceId": "DDCVA2276",
                "pm10ConcMassNowcast": null,
                "pm10ConcMassNowcastUsEpaAqi": null,
                "pm2_5ConcMassNowcast": 4.01,
                "pm2_5ConcMassNowcastUsEpaAqi": 22.0
            },
            "geometry": {
                "type": "Point",
                "coordinates": [
                    "-87.7619",
                    "42.0034"
                ]
            }
        },
        {
            "type": "Feature",
            "properties": {
                "time": "2025-11-03T02:00:00.000Z",
                "datasourceId": "DYWWS0378",
                "pm10ConcMassNowcast": null,
                "pm10ConcMassNowcastUsEpaAqi": null,
                "pm2_5ConcMassNowcast": 4.46,
                "pm2_5ConcMassNowcastUsEpaAqi": 24.0
            },
            "geometry": {
                "type": "Point",
                "coordinates": [
                    "-87.6720",
                    "41.9616"
                ]
            }
        },
        {
            "type": "Feature",
            "properties": {
                "time": "2025-11-03T02:00:00.000Z",
                "datasourceId": "DMAEX1156",
                "pm10ConcMassNowcast": null,
                "pm10ConcMassNowcastUsEpaAqi": null,
                "pm2_5ConcMassNowcast": 5.55,
                "pm2_5ConcMassNowcastUsEpaAqi": 31.0
            },
            "geometry": {
                "type": "Point",
                "coordinates": [
                    "-87.5834",
                    "41.7060"
                ]
            }
        },
        {
            "type": "Feature",
            "properties": {
                "time": "2025-11-03T02:00:00.000Z",
                "datasourceId": "DJSLY4013",
                "pm10ConcMassNowcast": null,
                "pm10ConcMassNowcastUsEpaAqi": null,
                "pm2_5ConcMassNowcast": 5.71,
                "pm2_5ConcMassNowcastUsEpaAqi": 32.0
            },
            "geometry": {
                "type": "Point",
                "coordinates": [
                    "-87.7023",
                    "41.8519"
                ]
            }
        },
        {
            "type": "Feature",
            "properties": {
                "time": "2025-11-03T02:00:00.000Z",
                "datasourceId": "DICQL6656",
                "pm10ConcMassNowcast": null,
                "pm10ConcMassNowcastUsEpaAqi": null,
                "pm2_5ConcMassNowcast": 4.45,
                "pm2_5ConcMassNowcastUsEpaAqi": 24.0
            },
            "geometry": {
                "type": "Point",
                "coordinates": [
                    "-87.7280",
                    "41.9624"
                ]
            }
        },
        {
            "type": "Feature",
            "properties": {
                "time": "2025-11-03T02:00:00.000Z",
                "datasourceId": "DGGZA5993",
                "pm10ConcMassNowcast": null,
                "pm10ConcMassNowcastUsEpaAqi": null,
                "pm2_5ConcMassNowcast": 4.99,
                "pm2_5ConcMassNowcastUsEpaAqi": 27.0
            },
            "geometry": {
                "type": "Point",
                "coordinates": [
                    "-87.6552",
                    "41.9031"
                ]
            }
        },
        {
            "type": "Feature",
            "properties": {
                "time": "2025-11-03T02:00:00.000Z",
                "datasourceId": "DALUY0194",
                "pm10ConcMassNowcast": null,
                "pm10ConcMassNowcastUsEpaAqi": null,
                "pm2_5ConcMassNowcast": 5.54,
                "pm2_5ConcMassNowcastUsEpaAqi": 31.0
            },
            "geometry": {
                "type": "Point",
                "coordinates": [
                    "-87.6343",
                    "41.9076"
                ]
            }
        },
        {
            "type": "Feature",
            "properties": {
                "time": "2025-11-03T02:00:00.000Z",
                "datasourceId": "DLNMW9381",
                "pm10ConcMassNowcast": null,
                "pm10ConcMassNowcastUsEpaAqi": null,
                "pm2_5ConcMassNowcast": 4.36,
                "pm2_5ConcMassNowcastUsEpaAqi": 24.0
            },
            "geometry": {
                "type": "Point",
                "coordinates": [
                    "-87.6540",
                    "41.7140"
                ]
            }
        },
        {
            "type": "Feature",
            "properties": {
                "time": "2025-11-03T02:00:00.000Z",
                "datasourceId": "DIVZD0266",
                "pm10ConcMassNowcast": null,
                "pm10ConcMassNowcastUsEpaAqi": null,
                "pm2_5ConcMassNowcast": 4.8,
                "pm2_5ConcMassNowcastUsEpaAqi": 27.0
            },
            "geometry": {
                "type": "Point",
                "coordinates": [
                    "-87.7371",
                    "41.8162"
                ]
            }
        },
        {
            "type": "Feature",
            "properties": {
                "time": "2025-11-03T02:00:00.000Z",
                "datasourceId": "DCAFN1583",
                "pm10ConcMassNowcast": null,
                "pm10ConcMassNowcastUsEpaAqi": null,
                "pm2_5ConcMassNowcast": 5.58,
                "pm2_5ConcMassNowcastUsEpaAqi": 31.0
            },
            "geometry": {
                "type": "Point",
                "coordinates": [
                    "-87.7433",
                    "41.8220"
                ]
            }
        },
        {
            "type": "Feature",
            "properties": {
                "time": "2025-11-03T02:00:00.000Z",
                "datasourceId": "DTVYY1142",
                "pm10ConcMassNowcast": null,
                "pm10ConcMassNowcastUsEpaAqi": null,
                "pm2_5ConcMassNowcast": 5.3,
                "pm2_5ConcMassNowcastUsEpaAqi": 29.0
            },
            "geometry": {
                "type": "Point",
                "coordinates": [
                    "-87.6520",
                    "41.8525"
                ]
            }
        },
        {
            "type": "Feature",
            "properties": {
                "time": "2025-11-03T02:00:00.000Z",
                "datasourceId": "DATLR2184",
                "pm10ConcMassNowcast": null,
                "pm10ConcMassNowcastUsEpaAqi": null,
                "pm2_5ConcMassNowcast": 4.76,
                "pm2_5ConcMassNowcastUsEpaAqi": 26.0
            },
            "geometry": {
                "type": "Point",
                "coordinates": [
                    "-87.7035",
                    "41.8142"
                ]
            }
        },
        {
            "type": "Feature",
            "properties": {
                "time": "2025-11-03T02:00:00.000Z",
                "datasourceId": "DAHWZ2321",
                "pm10ConcMassNowcast": null,
                "pm10ConcMassNowcastUsEpaAqi": null,
                "pm2_5ConcMassNowcast": 4.86,
                "pm2_5ConcMassNowcastUsEpaAqi": 27.0
            },
            "geometry": {
                "type": "Point",
                "coordinates": [
                    "-87.7082",
                    "41.9621"
                ]
            }
        },
        {
            "type": "Feature",
            "properties": {
                "time": "2025-11-03T02:00:00.000Z",
                "datasourceId": "DMFEL5431",
                "pm10ConcMassNowcast": null,
                "pm10ConcMassNowcastUsEpaAqi": null,
                "pm2_5ConcMassNowcast": 5.07,
                "pm2_5ConcMassNowcastUsEpaAqi": 28.0
            },
            "geometry": {
                "type": "Point",
                "coordinates": [
                    "-87.8012",
                    "41.7873"
                ]
            }
        },
        {
            "type": "Feature",
            "properties": {
                "time": "2025-11-03T02:00:00.000Z",
                "datasourceId": "DHUBD2135",
                "pm10ConcMassNowcast": null,
                "pm10ConcMassNowcastUsEpaAqi": null,
                "pm2_5ConcMassNowcast": 4.59,
                "pm2_5ConcMassNowcastUsEpaAqi": 25.0
            },
            "geometry": {
                "type": "Point",
                "coordinates": [
                    "-87.7805",
                    "41.9898"
                ]
            }
        },
        {
            "type": "Feature",
            "properties": {
                "time": "2025-11-03T02:00:00.000Z",
                "datasourceId": "DDHVZ6546",
                "pm10ConcMassNowcast": null,
                "pm10ConcMassNowcastUsEpaAqi": null,
                "pm2_5ConcMassNowcast": 4.52,
                "pm2_5ConcMassNowcastUsEpaAqi": 25.0
            },
            "geometry": {
                "type": "Point",
                "coordinates": [
                    "-87.6511",
                    "41.8653"
                ]
            }
        },
        {
            "type": "Feature",
            "properties": {
                "time": "2025-11-03T02:00:00.000Z",
                "datasourceId": "DWMLU4849",
                "pm10ConcMassNowcast": null,
                "pm10ConcMassNowcastUsEpaAqi": null,
                "pm2_5ConcMassNowcast": 7.09,
                "pm2_5ConcMassNowcastUsEpaAqi": 39.0
            },
            "geometry": {
                "type": "Point",
                "coordinates": [
                    "-87.7527",
                    "41.9389"
                ]
            }
        },
        {
            "type": "Feature",
            "properties": {
                "time": "2025-11-03T02:00:00.000Z",
                "datasourceId": "DFAQM2360",
                "pm10ConcMassNowcast": null,
                "pm10ConcMassNowcastUsEpaAqi": null,
                "pm2_5ConcMassNowcast": 4.89,
                "pm2_5ConcMassNowcastUsEpaAqi": 27.0
            },
            "geometry": {
                "type": "Point",
                "coordinates": [
                    "-87.6536",
                    "41.7870"
                ]
            }
        },
        {
            "type": "Feature",
            "properties": {
                "time": "2025-11-03T02:00:00.000Z",
                "datasourceId": "DBJPV1452",
                "pm10ConcMassNowcast": null,
                "pm10ConcMassNowcastUsEpaAqi": null,
                "pm2_5ConcMassNowcast": 4.86,
                "pm2_5ConcMassNowcastUsEpaAqi": 27.0
            },
            "geometry": {
                "type": "Point",
                "coordinates": [
                    "-87.7080",
                    "41.9491"
                ]
            }
        },
        {
            "type": "Feature",
            "properties": {
                "time": "2025-11-03T02:00:00.000Z",
                "datasourceId": "DAMWS8859",
                "pm10ConcMassNowcast": null,
                "pm10ConcMassNowcastUsEpaAqi": null,
                "pm2_5ConcMassNowcast": 5.07,
                "pm2_5ConcMassNowcastUsEpaAqi": 28.0
            },
            "geometry": {
                "type": "Point",
                "coordinates": [
                    "-87.7196",
                    "41.8654"
                ]
            }
        },
        {
            "type": "Feature",
            "properties": {
                "time": "2025-11-03T02:00:00.000Z",
                "datasourceId": "DAWAP1896",
                "pm10ConcMassNowcast": null,
                "pm10ConcMassNowcastUsEpaAqi": null,
                "pm2_5ConcMassNowcast": 5.92,
                "pm2_5ConcMassNowcastUsEpaAqi": 33.0
            },
            "geometry": {
                "type": "Point",
                "coordinates": [
                    "-87.6193",
                    "41.7511"
                ]
            }
        },
        {
            "type": "Feature",
            "properties": {
                "time": "2025-11-03T02:00:00.000Z",
                "datasourceId": "DLTCH1397",
                "pm10ConcMassNowcast": null,
                "pm10ConcMassNowcastUsEpaAqi": null,
                "pm2_5ConcMassNowcast": 4.56,
                "pm2_5ConcMassNowcastUsEpaAqi": 25.0
            },
            "geometry": {
                "type": "Point",
                "coordinates": [
                    "-87.5859",
                    "41.7767"
                ]
            }
        },
        {
            "type": "Feature",
            "properties": {
                "time": "2025-11-03T02:00:00.000Z",
                "datasourceId": "DIWKR9442",
                "pm10ConcMassNowcast": null,
                "pm10ConcMassNowcastUsEpaAqi": null,
                "pm2_5ConcMassNowcast": 4.7,
                "pm2_5ConcMassNowcastUsEpaAqi": 26.0
            },
            "geometry": {
                "type": "Point",
                "coordinates": [
                    "-87.7376",
                    "41.7623"
                ]
            }
        },
        {
            "type": "Feature",
            "properties": {
                "time": "2025-11-03T02:00:00.000Z",
                "datasourceId": "DCZQF3538",
                "pm10ConcMassNowcast": null,
                "pm10ConcMassNowcastUsEpaAqi": null,
                "pm2_5ConcMassNowcast": 4.96,
                "pm2_5ConcMassNowcastUsEpaAqi": 27.0
            },
            "geometry": {
                "type": "Point",
                "coordinates": [
                    "-87.6689",
                    "41.8523"
                ]
            }
        },
        {
            "type": "Feature",
            "properties": {
                "time": "2025-11-03T02:00:00.000Z",
                "datasourceId": "DITUY8368",
                "pm10ConcMassNowcast": null,
                "pm10ConcMassNowcastUsEpaAqi": null,
                "pm2_5ConcMassNowcast": 5.17,
                "pm2_5ConcMassNowcastUsEpaAqi": 28.0
            },
            "geometry": {
                "type": "Point",
                "coordinates": [
                    "-87.7082",
                    "41.9903"
                ]
            }
        },
        {
            "type": "Feature",
            "properties": {
                "time": "2025-11-03T02:00:00.000Z",
                "datasourceId": "DKXFR1580",
                "pm10ConcMassNowcast": null,
                "pm10ConcMassNowcastUsEpaAqi": null,
                "pm2_5ConcMassNowcast": 4.96,
                "pm2_5ConcMassNowcastUsEpaAqi": 27.0
            },
            "geometry": {
                "type": "Point",
                "coordinates": [
                    "-87.7191",
                    "41.9173"
                ]
            }
        },
        {
            "type": "Feature",
            "properties": {
                "time": "2025-11-03T02:00:00.000Z",
                "datasourceId": "DFKYP0941",
                "pm10ConcMassNowcast": null,
                "pm10ConcMassNowcastUsEpaAqi": null,
                "pm2_5ConcMassNowcast": 4.62,
                "pm2_5ConcMassNowcastUsEpaAqi": 26.0
            },
            "geometry": {
                "type": "Point",
                "coordinates": [
                    "-87.6363",
                    "41.9214"
                ]
            }
        },
        {
            "type": "Feature",
            "properties": {
                "time": "2025-11-03T02:00:00.000Z",
                "datasourceId": "DFFDA0268",
                "pm10ConcMassNowcast": null,
                "pm10ConcMassNowcastUsEpaAqi": null,
                "pm2_5ConcMassNowcast": 4.76,
                "pm2_5ConcMassNowcastUsEpaAqi": 26.0
            },
            "geometry": {
                "type": "Point",
                "coordinates": [
                    "-87.6546",
                    "41.8811"
                ]
            }
        },
        {
            "type": "Feature",
            "properties": {
                "time": "2025-11-03T02:00:00.000Z",
                "datasourceId": "DTQTJ0507",
                "pm10ConcMassNowcast": null,
                "pm10ConcMassNowcastUsEpaAqi": null,
                "pm2_5ConcMassNowcast": 4.95,
                "pm2_5ConcMassNowcastUsEpaAqi": 27.0
            },
            "geometry": {
                "type": "Point",
                "coordinates": [
                    "-87.6176",
                    "41.8400"
                ]
            }
        },
        {
            "type": "Feature",
            "properties": {
                "time": "2025-11-03T02:00:00.000Z",
                "datasourceId": "DWFRI5691",
                "pm10ConcMassNowcast": null,
                "pm10ConcMassNowcastUsEpaAqi": null,
                "pm2_5ConcMassNowcast": 5.28,
                "pm2_5ConcMassNowcastUsEpaAqi": 29.0
            },
            "geometry": {
                "type": "Point",
                "coordinates": [
                    "-87.7362",
                    "41.9037"
                ]
            }
        },
        {
            "type": "Feature",
            "properties": {
                "time": "2025-11-03T02:00:00.000Z",
                "datasourceId": "DLVQJ4136",
                "pm10ConcMassNowcast": null,
                "pm10ConcMassNowcastUsEpaAqi": null,
                "pm2_5ConcMassNowcast": 5.0,
                "pm2_5ConcMassNowcastUsEpaAqi": 28.0
            },
            "geometry": {
                "type": "Point",
                "coordinates": [
                    "-87.6552",
                    "41.9031"
                ]
            }
        },
        {
            "type": "Feature",
            "properties": {
                "time": "2025-11-03T02:00:00.000Z",
                "datasourceId": "DCRJT8545",
                "pm10ConcMassNowcast": null,
                "pm10ConcMassNowcastUsEpaAqi": null,
                "pm2_5ConcMassNowcast": 6.5,
                "pm2_5ConcMassNowcastUsEpaAqi": 36.0
            },
            "geometry": {
                "type": "Point",
                "coordinates": [
                    "-87.6366",
                    "41.7508"
                ]
            }
        },
        {
            "type": "Feature",
            "properties": {
                "time": "2025-11-03T02:00:00.000Z",
                "datasourceId": "DRSDA6064",
                "pm10ConcMassNowcast": null,
                "pm10ConcMassNowcastUsEpaAqi": null,
                "pm2_5ConcMassNowcast": 5.08,
                "pm2_5ConcMassNowcastUsEpaAqi": 28.0
            },
            "geometry": {
                "type": "Point",
                "coordinates": [
                    "-87.6552",
                    "41.9031"
                ]
            }
        },
        {
            "type": "Feature",
            "properties": {
                "time": "2025-11-03T02:00:00.000Z",
                "datasourceId": "DUDWN9545",
                "pm10ConcMassNowcast": null,
                "pm10ConcMassNowcastUsEpaAqi": null,
                "pm2_5ConcMassNowcast": 4.82,
                "pm2_5ConcMassNowcastUsEpaAqi": 27.0
            },
            "geometry": {
                "type": "Point",
                "coordinates": [
                    "-87.7219",
                    "41.7522"
                ]
            }
        },
        {
            "type": "Feature",
            "properties": {
                "time": "2025-11-03T02:00:00.000Z",
                "datasourceId": "DYHTK6723",
                "pm10ConcMassNowcast": null,
                "pm10ConcMassNowcastUsEpaAqi": null,
                "pm2_5ConcMassNowcast": 5.5,
                "pm2_5ConcMassNowcastUsEpaAqi": 31.0
            },
            "geometry": {
                "type": "Point",
                "coordinates": [
                    "-87.6198",
                    "41.7364"
                ]
            }
        },
        {
            "type": "Feature",
            "properties": {
                "time": "2025-11-03T02:00:00.000Z",
                "datasourceId": "DDLSL3066",
                "pm10ConcMassNowcast": null,
                "pm10ConcMassNowcastUsEpaAqi": null,
                "pm2_5ConcMassNowcast": 5.64,
                "pm2_5ConcMassNowcastUsEpaAqi": 31.0
            },
            "geometry": {
                "type": "Point",
                "coordinates": [
                    "-87.6721",
                    "41.9105"
                ]
            }
        },
        {
            "type": "Feature",
            "properties": {
                "time": "2025-11-03T02:00:00.000Z",
                "datasourceId": "DKWDP4373",
                "pm10ConcMassNowcast": null,
                "pm10ConcMassNowcastUsEpaAqi": null,
                "pm2_5ConcMassNowcast": 5.15,
                "pm2_5ConcMassNowcastUsEpaAqi": 28.0
            },
            "geometry": {
                "type": "Point",
                "coordinates": [
                    "-87.6552",
                    "41.9327"
                ]
            }
        },
        {
            "type": "Feature",
            "properties": {
                "time": "2025-11-03T02:00:00.000Z",
                "datasourceId": "DZFVS4727",
                "pm10ConcMassNowcast": null,
                "pm10ConcMassNowcastUsEpaAqi": null,
                "pm2_5ConcMassNowcast": 4.61,
                "pm2_5ConcMassNowcastUsEpaAqi": 26.0
            },
            "geometry": {
                "type": "Point",
                "coordinates": [
                    "-87.6543",
                    "41.9617"
                ]
            }
        },
        {
            "type": "Feature",
            "properties": {
                "time": "2025-11-03T02:00:00.000Z",
                "datasourceId": "DRCQU4244",
                "pm10ConcMassNowcast": null,
                "pm10ConcMassNowcastUsEpaAqi": null,
                "pm2_5ConcMassNowcast": 5.4,
                "pm2_5ConcMassNowcastUsEpaAqi": 30.0
            },
            "geometry": {
                "type": "Point",
                "coordinates": [
                    "-87.6375",
                    "41.6852"
                ]
            }
        },
        {
            "type": "Feature",
            "properties": {
                "time": "2025-11-03T02:00:00.000Z",
                "datasourceId": "DMKJB8675",
                "pm10ConcMassNowcast": null,
                "pm10ConcMassNowcastUsEpaAqi": null,
                "pm2_5ConcMassNowcast": 5.7,
                "pm2_5ConcMassNowcastUsEpaAqi": 32.0
            },
            "geometry": {
                "type": "Point",
                "coordinates": [
                    "-87.5858",
                    "41.7386"
                ]
            }
        },
        {
            "type": "Feature",
            "properties": {
                "time": "2025-11-03T02:00:00.000Z",
                "datasourceId": "DPCUT7707",
                "pm10ConcMassNowcast": null,
                "pm10ConcMassNowcastUsEpaAqi": null,
                "pm2_5ConcMassNowcast": 5.27,
                "pm2_5ConcMassNowcastUsEpaAqi": 29.0
            },
            "geometry": {
                "type": "Point",
                "coordinates": [
                    "-87.6186",
                    "41.8810"
                ]
            }
        },
        {
            "type": "Feature",
            "properties": {
                "time": "2025-11-03T02:00:00.000Z",
                "datasourceId": "DKISS7174",
                "pm10ConcMassNowcast": null,
                "pm10ConcMassNowcastUsEpaAqi": null,
                "pm2_5ConcMassNowcast": 4.84,
                "pm2_5ConcMassNowcastUsEpaAqi": 27.0
            },
            "geometry": {
                "type": "Point",
                "coordinates": [
                    "-87.7229",
                    "41.7904"
                ]
            }
        },
        {
            "type": "Feature",
            "properties": {
                "time": "2025-11-03T02:00:00.000Z",
                "datasourceId": "DMYFE2499",
                "pm10ConcMassNowcast": null,
                "pm10ConcMassNowcastUsEpaAqi": null,
                "pm2_5ConcMassNowcast": 4.68,
                "pm2_5ConcMassNowcastUsEpaAqi": 26.0
            },
            "geometry": {
                "type": "Point",
                "coordinates": [
                    "-87.7020",
                    "41.8652"
                ]
            }
        },
        {
            "type": "Feature",
            "properties": {
                "time": "2025-11-03T02:00:00.000Z",
                "datasourceId": "DIWYY0447",
                "pm10ConcMassNowcast": null,
                "pm10ConcMassNowcastUsEpaAqi": null,
                "pm2_5ConcMassNowcast": 4.97,
                "pm2_5ConcMassNowcastUsEpaAqi": 27.0
            },
            "geometry": {
                "type": "Point",
                "coordinates": [
                    "-87.6903",
                    "41.9904"
                ]
            }
        },
        {
            "type": "Feature",
            "properties": {
                "time": "2025-11-03T02:00:00.000Z",
                "datasourceId": "DQGPJ5322",
                "pm10ConcMassNowcast": null,
                "pm10ConcMassNowcastUsEpaAqi": null,
                "pm2_5ConcMassNowcast": 4.2,
                "pm2_5ConcMassNowcastUsEpaAqi": 23.0
            },
            "geometry": {
                "type": "Point",
                "coordinates": [
                    "-87.6929",
                    "41.7062"
                ]
            }
        },
        {
            "type": "Feature",
            "properties": {
                "time": "2025-11-03T02:00:00.000Z",
                "datasourceId": "DVNGV1890",
                "pm10ConcMassNowcast": null,
                "pm10ConcMassNowcastUsEpaAqi": null,
                "pm2_5ConcMassNowcast": 5.82,
                "pm2_5ConcMassNowcastUsEpaAqi": 32.0
            },
            "geometry": {
                "type": "Point",
                "coordinates": [
                    "-87.6202",
                    "41.7140"
                ]
            }
        },
        {
            "type": "Feature",
            "properties": {
                "time": "2025-11-03T02:00:00.000Z",
                "datasourceId": "DVYCN4987",
                "pm10ConcMassNowcast": null,
                "pm10ConcMassNowcastUsEpaAqi": null,
                "pm2_5ConcMassNowcast": 5.21,
                "pm2_5ConcMassNowcastUsEpaAqi": 29.0
            },
            "geometry": {
                "type": "Point",
                "coordinates": [
                    "-87.7494",
                    "41.9647"
                ]
            }
        },
        {
            "type": "Feature",
            "properties": {
                "time": "2025-11-03T02:00:00.000Z",
                "datasourceId": "DWEWU1433",
                "pm10ConcMassNowcast": null,
                "pm10ConcMassNowcastUsEpaAqi": null,
                "pm2_5ConcMassNowcast": 4.48,
                "pm2_5ConcMassNowcastUsEpaAqi": 24.0
            },
            "geometry": {
                "type": "Point",
                "coordinates": [
                    "-87.7694",
                    "41.9020"
                ]
            }
        },
        {
            "type": "Feature",
            "properties": {
                "time": "2025-11-03T02:00:00.000Z",
                "datasourceId": "DLIKU5639",
                "pm10ConcMassNowcast": null,
                "pm10ConcMassNowcastUsEpaAqi": null,
                "pm2_5ConcMassNowcast": 4.21,
                "pm2_5ConcMassNowcastUsEpaAqi": 23.0
            },
            "geometry": {
                "type": "Point",
                "coordinates": [
                    "-87.8407",
                    "41.9522"
                ]
            }
        },
        {
            "type": "Feature",
            "properties": {
                "time": "2025-11-03T02:00:00.000Z",
                "datasourceId": "DDVZB7943",
                "pm10ConcMassNowcast": null,
                "pm10ConcMassNowcastUsEpaAqi": null,
                "pm2_5ConcMassNowcast": 5.28,
                "pm2_5ConcMassNowcastUsEpaAqi": 29.0
            },
            "geometry": {
                "type": "Point",
                "coordinates": [
                    "-87.5833",
                    "41.7996"
                ]
            }
        },
        {
            "type": "Feature",
            "properties": {
                "time": "2025-11-03T02:00:00.000Z",
                "datasourceId": "DIXUN6634",
                "pm10ConcMassNowcast": null,
                "pm10ConcMassNowcastUsEpaAqi": null,
                "pm2_5ConcMassNowcast": 6.77,
                "pm2_5ConcMassNowcastUsEpaAqi": 37.0
            },
            "geometry": {
                "type": "Point",
                "coordinates": [
                    "-87.7026",
                    "41.7520"
                ]
            }
        },
        {
            "type": "Feature",
            "properties": {
                "time": "2025-11-03T02:00:00.000Z",
                "datasourceId": "DMVDY6300",
                "pm10ConcMassNowcast": null,
                "pm10ConcMassNowcastUsEpaAqi": null,
                "pm2_5ConcMassNowcast": 4.76,
                "pm2_5ConcMassNowcastUsEpaAqi": 26.0
            },
            "geometry": {
                "type": "Point",
                "coordinates": [
                    "-87.6851",
                    "41.8275"
                ]
            }
        },
        {
            "type": "Feature",
            "properties": {
                "time": "2025-11-03T02:00:00.000Z",
                "datasourceId": "DYJPA3348",
                "pm10ConcMassNowcast": null,
                "pm10ConcMassNowcastUsEpaAqi": null,
                "pm2_5ConcMassNowcast": 5.15,
                "pm2_5ConcMassNowcastUsEpaAqi": 28.0
            },
            "geometry": {
                "type": "Point",
                "coordinates": [
                    "-87.6552",
                    "41.9031"
                ]
            }
        },
        {
            "type": "Feature",
            "properties": {
                "time": "2025-11-03T02:00:00.000Z",
                "datasourceId": "DCRED4248",
                "pm10ConcMassNowcast": null,
                "pm10ConcMassNowcastUsEpaAqi": null,
                "pm2_5ConcMassNowcast": 5.02,
                "pm2_5ConcMassNowcastUsEpaAqi": 28.0
            },
            "geometry": {
                "type": "Point",
                "coordinates": [
                    "-87.6552",
                    "41.9031"
                ]
            }
        },
        {
            "type": "Feature",
            "properties": {
                "time": "2025-11-03T02:00:00.000Z",
                "datasourceId": "DEVFQ3796",
                "pm10ConcMassNowcast": null,
                "pm10ConcMassNowcastUsEpaAqi": null,
                "pm2_5ConcMassNowcast": 5.08,
                "pm2_5ConcMassNowcastUsEpaAqi": 28.0
            },
            "geometry": {
                "type": "Point",
                "coordinates": [
                    "-87.7555",
                    "41.8906"
                ]
            }
        },
        {
            "type": "Feature",
            "properties": {
                "time": "2025-11-03T02:00:00.000Z",
                "datasourceId": "DZIHS7092",
                "pm10ConcMassNowcast": null,
                "pm10ConcMassNowcastUsEpaAqi": null,
                "pm2_5ConcMassNowcast": 4.28,
                "pm2_5ConcMassNowcastUsEpaAqi": 23.0
            },
            "geometry": {
                "type": "Point",
                "coordinates": [
                    "-87.7195",
                    "41.8152"
                ]
            }
        },
        {
            "type": "Feature",
            "properties": {
                "time": "2025-11-03T02:00:00.000Z",
                "datasourceId": "DZTFU6199",
                "pm10ConcMassNowcast": null,
                "pm10ConcMassNowcastUsEpaAqi": null,
                "pm2_5ConcMassNowcast": 4.45,
                "pm2_5ConcMassNowcastUsEpaAqi": 24.0
            },
            "geometry": {
                "type": "Point",
                "coordinates": [
                    "-87.7214",
                    "41.7396"
                ]
            }
        },
        {
            "type": "Feature",
            "properties": {
                "time": "2025-11-03T02:00:00.000Z",
                "datasourceId": "DKUAZ4434",
                "pm10ConcMassNowcast": null,
                "pm10ConcMassNowcastUsEpaAqi": null,
                "pm2_5ConcMassNowcast": 4.44,
                "pm2_5ConcMassNowcastUsEpaAqi": 24.0
            },
            "geometry": {
                "type": "Point",
                "coordinates": [
                    "-87.7088",
                    "42.0164"
                ]
            }
        },
        {
            "type": "Feature",
            "properties": {
                "time": "2025-11-03T02:00:00.000Z",
                "datasourceId": "DUNKA8014",
                "pm10ConcMassNowcast": null,
                "pm10ConcMassNowcastUsEpaAqi": null,
                "pm2_5ConcMassNowcast": 4.55,
                "pm2_5ConcMassNowcastUsEpaAqi": 25.0
            },
            "geometry": {
                "type": "Point",
                "coordinates": [
                    "-87.7446",
                    "41.9755"
                ]
            }
        },
        {
            "type": "Feature",
            "properties": {
                "time": "2025-11-03T02:00:00.000Z",
                "datasourceId": "DTKNM4892",
                "pm10ConcMassNowcast": null,
                "pm10ConcMassNowcastUsEpaAqi": null,
                "pm2_5ConcMassNowcast": 4.27,
                "pm2_5ConcMassNowcastUsEpaAqi": 23.0
            },
            "geometry": {
                "type": "Point",
                "coordinates": [
                    "-87.6566",
                    "41.7055"
                ]
            }
        },
        {
            "type": "Feature",
            "properties": {
                "time": "2025-11-03T02:00:00.000Z",
                "datasourceId": "DXEMM9791",
                "pm10ConcMassNowcast": null,
                "pm10ConcMassNowcastUsEpaAqi": null,
                "pm2_5ConcMassNowcast": 5.32,
                "pm2_5ConcMassNowcastUsEpaAqi": 29.0
            },
            "geometry": {
                "type": "Point",
                "coordinates": [
                    "-87.6047",
                    "41.7390"
                ]
            }
        },
        {
            "type": "Feature",
            "properties": {
                "time": "2025-11-03T02:00:00.000Z",
                "datasourceId": "DFRKF1779",
                "pm10ConcMassNowcast": null,
                "pm10ConcMassNowcastUsEpaAqi": null,
                "pm2_5ConcMassNowcast": 4.37,
                "pm2_5ConcMassNowcastUsEpaAqi": 24.0
            },
            "geometry": {
                "type": "Point",
                "coordinates": [
                    "-87.7969",
                    "41.9901"
                ]
            }
        },
        {
            "type": "Feature",
            "properties": {
                "time": "2025-11-03T02:00:00.000Z",
                "datasourceId": "DCHTB8281",
                "pm10ConcMassNowcast": null,
                "pm10ConcMassNowcastUsEpaAqi": null,
                "pm2_5ConcMassNowcast": 4.52,
                "pm2_5ConcMassNowcastUsEpaAqi": 25.0
            },
            "geometry": {
                "type": "Point",
                "coordinates": [
                    "-87.6542",
                    "41.6923"
                ]
            }
        },
        {
            "type": "Feature",
            "properties": {
                "time": "2025-11-03T02:00:00.000Z",
                "datasourceId": "DYWHJ8696",
                "pm10ConcMassNowcast": null,
                "pm10ConcMassNowcastUsEpaAqi": null,
                "pm2_5ConcMassNowcast": 4.57,
                "pm2_5ConcMassNowcastUsEpaAqi": 25.0
            },
            "geometry": {
                "type": "Point",
                "coordinates": [
                    "-87.7032",
                    "41.7775"
                ]
            }
        },
        {
            "type": "Feature",
            "properties": {
                "time": "2025-11-03T02:00:00.000Z",
                "datasourceId": "DAEXF8484",
                "pm10ConcMassNowcast": null,
                "pm10ConcMassNowcastUsEpaAqi": null,
                "pm2_5ConcMassNowcast": 3.8,
                "pm2_5ConcMassNowcastUsEpaAqi": 21.0
            },
            "geometry": {
                "type": "Point",
                "coordinates": [
                    "-87.7104",
                    "41.7059"
                ]
            }
        },
        {
            "type": "Feature",
            "properties": {
                "time": "2025-11-03T02:00:00.000Z",
                "datasourceId": "DLJWW1620",
                "pm10ConcMassNowcast": null,
                "pm10ConcMassNowcastUsEpaAqi": null,
                "pm2_5ConcMassNowcast": 5.32,
                "pm2_5ConcMassNowcastUsEpaAqi": 29.0
            },
            "geometry": {
                "type": "Point",
                "coordinates": [
                    "-87.6377",
                    "41.7900"
                ]
            }
        },
        {
            "type": "Feature",
            "properties": {
                "time": "2025-11-03T02:00:00.000Z",
                "datasourceId": "DRUBP9408",
                "pm10ConcMassNowcast": null,
                "pm10ConcMassNowcastUsEpaAqi": null,
                "pm2_5ConcMassNowcast": 3.88,
                "pm2_5ConcMassNowcastUsEpaAqi": 21.0
            },
            "geometry": {
                "type": "Point",
                "coordinates": [
                    "-87.5528",
                    "41.7135"
                ]
            }
        },
        {
            "type": "Feature",
            "properties": {
                "time": "2025-11-03T02:00:00.000Z",
                "datasourceId": "DBMHJ0743",
                "pm10ConcMassNowcast": null,
                "pm10ConcMassNowcastUsEpaAqi": null,
                "pm2_5ConcMassNowcast": 10.11,
                "pm2_5ConcMassNowcastUsEpaAqi": 53.0
            },
            "geometry": {
                "type": "Point",
                "coordinates": [
                    "-87.7356",
                    "41.8026"
                ]
            }
        },
        {
            "type": "Feature",
            "properties": {
                "time": "2025-11-03T02:00:00.000Z",
                "datasourceId": "DPDDG5192",
                "pm10ConcMassNowcast": null,
                "pm10ConcMassNowcastUsEpaAqi": null,
                "pm2_5ConcMassNowcast": 4.68,
                "pm2_5ConcMassNowcastUsEpaAqi": 26.0
            },
            "geometry": {
                "type": "Point",
                "coordinates": [
                    "-87.7988",
                    "41.9380"
                ]
            }
        },
        {
            "type": "Feature",
            "properties": {
                "time": "2025-11-03T02:00:00.000Z",
                "datasourceId": "DZUWB2477",
                "pm10ConcMassNowcast": null,
                "pm10ConcMassNowcastUsEpaAqi": null,
                "pm2_5ConcMassNowcast": 7.54,
                "pm2_5ConcMassNowcastUsEpaAqi": 42.0
            },
            "geometry": {
                "type": "Point",
                "coordinates": [
                    "-87.7357",
                    "41.8682"
                ]
            }
        },
        {
            "type": "Feature",
            "properties": {
                "time": "2025-11-03T02:00:00.000Z",
                "datasourceId": "DFIRX1818",
                "pm10ConcMassNowcast": null,
                "pm10ConcMassNowcastUsEpaAqi": null,
                "pm2_5ConcMassNowcast": 4.93,
                "pm2_5ConcMassNowcastUsEpaAqi": 27.0
            },
            "geometry": {
                "type": "Point",
                "coordinates": [
                    "-87.6039",
                    "41.6894"
                ]
            }
        },
        {
            "type": "Feature",
            "properties": {
                "time": "2025-11-03T02:00:00.000Z",
                "datasourceId": "DTFVD6048",
                "pm10ConcMassNowcast": null,
                "pm10ConcMassNowcastUsEpaAqi": null,
                "pm2_5ConcMassNowcast": 4.34,
                "pm2_5ConcMassNowcastUsEpaAqi": 24.0
            },
            "geometry": {
                "type": "Point",
                "coordinates": [
                    "-87.6101",
                    "41.6789"
                ]
            }
        },
        {
            "type": "Feature",
            "properties": {
                "time": "2025-11-03T02:00:00.000Z",
                "datasourceId": "DIFIV9884",
                "pm10ConcMassNowcast": null,
                "pm10ConcMassNowcastUsEpaAqi": null,
                "pm2_5ConcMassNowcast": 4.51,
                "pm2_5ConcMassNowcastUsEpaAqi": 25.0
            },
            "geometry": {
                "type": "Point",
                "coordinates": [
                    "-87.7962",
                    "41.9492"
                ]
            }
        },
        {
            "type": "Feature",
            "properties": {
                "time": "2025-11-03T23:00:00.000Z",
                "datasourceId": "DCUVQ3333",
                "pm10ConcMassNowcast": null,
                "pm10ConcMassNowcastUsEpaAqi": null,
                "pm2_5ConcMassNowcast": 2.77,
                "pm2_5ConcMassNowcastUsEpaAqi": 15.0
            },
            "geometry": {
                "type": "Point",
                "coordinates": [
                    "-87.7488",
                    "41.8643"
                ]
            }
        },
        {
            "type": "Feature",
            "properties": {
                "time": "2025-11-03T23:00:00.000Z",
                "datasourceId": "DYJCR5597",
                "pm10ConcMassNowcast": null,
                "pm10ConcMassNowcastUsEpaAqi": null,
                "pm2_5ConcMassNowcast": 3.68,
                "pm2_5ConcMassNowcastUsEpaAqi": 20.0
            },
            "geometry": {
                "type": "Point",
                "coordinates": [
                    "-87.7239",
                    "41.9136"
                ]
            }
        },
        {
            "type": "Feature",
            "properties": {
                "time": "2025-11-03T02:00:00.000Z",
                "datasourceId": "DGZGL5338",
                "pm10ConcMassNowcast": null,
                "pm10ConcMassNowcastUsEpaAqi": null,
                "pm2_5ConcMassNowcast": 5.33,
                "pm2_5ConcMassNowcastUsEpaAqi": 29.0
            },
            "geometry": {
                "type": "Point",
                "coordinates": [
                    "-87.7714",
                    "41.7775"
                ]
            }
        }
    ]
}